attraction_name,destination,city,state,category,description,rating,entry_fee,visit_duration_hours,latitude,longitude,search_text
City Palace,Udaipur,Udaipur,Rajasthan,Palace,building in India,4.9,50,2.5,24.576,73.683,"City Palace in Udaipur, Rajasthan. Palace. building in India"
Shey Monastery,Leh,Leh,Ladakh,Palace,building in India,4.8,25,2.0,34.0758,77.6353,"Shey Monastery in Leh, Ladakh. Palace. building in India"
Monsoon Palace,Udaipur,Udaipur,Rajasthan,Palace,building in India,4.9,50,2.5,24.594,73.639,"Monsoon Palace in Udaipur, Rajasthan. Palace. building in India"
Hawa Mahal,Jaipur,Jaipur,Rajasthan,Palace,"palace in Jaipur, Rajasthan, India",4.3,25,2.0,26.924,75.8267,"Hawa Mahal in Jaipur, Rajasthan. Palace. palace in Jaipur, Rajasthan, India"
Gajapati Palace,Gajapati District,Gajapati District,India,Palace,Palace at Paralakhemundi,4.9,50,2.5,18.7787,84.0869,"Gajapati Palace in Gajapati District, India. Palace. Palace at Paralakhemundi"
Falaknuma Palace,Hyderabad,Hyderabad,Andhra Pradesh,Palace,"former palace in Hyderabad, India and now a luxury hotel",4.5,50,2.5,17.331,78.4675,"Falaknuma Palace in Hyderabad, Andhra Pradesh. Palace. former palace in Hyderabad, India and now a luxury hotel"
Jorasanko Thakur Bari,Bari,Bari,West Bengal,Palace,"ancestral home of the Tagore family in Kolkata, West Bengal, India",4.7,25,2.0,22.585,88.3592,"Jorasanko Thakur Bari in Bari, West Bengal. Palace. ancestral home of the Tagore family in Kolkata, West Bengal, India"
Ahom Raja'S Palace,Sivasagar,Sivasagar,India,Palace,building in India,4.7,50,2.5,26.9363,94.7451,"Ahom Raja'S Palace in Sivasagar, India. Palace. building in India"
Laxmi Vilas Palace,Vadodara,Vadodara,Gujarat,Palace,"Palace of Vadodara, Gujarat, India",4.8,50,2.5,22.2939,73.1914,"Laxmi Vilas Palace in Vadodara, Gujarat. Palace. Palace of Vadodara, Gujarat, India"
Thirumalai Nayakkar Mahal,Madurai,Madurai,Tamil Nadu,Palace,"17th-century palace in Madurai, Tamil Nadu, India",4.3,25,2.0,9.9149,78.1243,"Thirumalai Nayakkar Mahal in Madurai, Tamil Nadu. Palace. 17th-century palace in Madurai, Tamil Nadu, India"
Neermahal,India,India,Tripura,Palace,a royal palace built by king of Tripura in 1930,4.3,25,2.0,23.5067,91.3154,"Neermahal in India, Tripura. Palace. a royal palace built by king of Tripura in 1930"
Lal Mahal,Pune,Pune,Maharashtra,Palace,"childhood residence of Shivaji in Pune, Maharashtra",4.4,25,2.0,18.5188,73.8565,"Lal Mahal in Pune, Maharashtra. Palace. childhood residence of Shivaji in Pune, Maharashtra"
Hari Niwas Palace,Jammu,Jammu,Jammu & Kashmir,Palace,building in India,4.4,50,2.5,32.7464,74.8725,"Hari Niwas Palace in Jammu, Jammu & Kashmir. Palace. building in India"
Hindola Mahal,Dhar,Dhar,India,Palace,historical site in India,4.7,25,2.0,22.357,75.3929,"Hindola Mahal in Dhar, India. Palace. historical site in India"
Bengaluru Palace,Bengaluru,Bengaluru,Karnataka,Palace,"palace in Bengaluru, India",4.3,50,2.5,12.9985,77.5921,"Bengaluru Palace in Bengaluru, Karnataka. Palace. palace in Bengaluru, India"
Farah Bagh,Agar,Agar,Maharashtra,Palace,"historic site in Ahmednagar, Maharashtra",4.5,25,2.0,19.0683,74.752,"Farah Bagh in Agar, Maharashtra. Palace. historic site in Ahmednagar, Maharashtra"
Palace Of Stok,Leh,Leh,Ladakh,Palace,"royal palace in Ladakh, India",4.5,50,2.5,34.0731,77.5489,"Palace Of Stok in Leh, Ladakh. Palace. royal palace in Ladakh, India"
Jag Mandir,Udaipur,Udaipur,Rajasthan,Palace,"palace in Lake Pichola, Udaipur, India",4.4,25,2.0,24.5672,73.6781,"Jag Mandir in Udaipur, Rajasthan. Palace. palace in Lake Pichola, Udaipur, India"
Jhargram Palace,Jhargram,Jhargram,West Bengal,Palace,"palace in Jhargram district, West Bengal, India",4.3,50,2.5,20.5937,78.9629,"Jhargram Palace in Jhargram, West Bengal. Palace. palace in Jhargram district, West Bengal, India"
Firoz Shah Palace Complex,Hisar,Hisar,Haryana,Palace,building in India,4.4,50,2.5,29.1669,75.7203,"Firoz Shah Palace Complex in Hisar, Haryana. Palace. building in India"
Daria Daulat Bagh,Patna,Patna,Bihar,Palace,palace in Srirangapatna near Mysore in southern India,4.8,25,2.0,12.4198,76.6969,"Daria Daulat Bagh in Patna, Bihar. Palace. palace in Srirangapatna near Mysore in southern India"
Zangla Khar,Zanskar District,Zanskar District,India,Palace,"ruined palace in Zanskar, India",4.6,25,2.0,33.67,76.98,"Zangla Khar in Zanskar District, India. Palace. ruined palace in Zanskar, India"
Leh Palace,Leh,Leh,Ladakh,Palace,building in India,4.9,50,2.5,34.1663,77.5864,"Leh Palace in Leh, Ladakh. Palace. building in India"
Aga Khan Palace,Pune,Pune,Maharashtra,Palace,"building in Pune, India, built 1892",4.8,50,2.5,18.5524,73.9015,"Aga Khan Palace in Pune, Maharashtra. Palace. building in Pune, India, built 1892"
Lake Palace,Udaipur,Udaipur,Rajasthan,Palace,"former palace, today hotel on the Jag Niwas island in Lake Pichola, Udaipur, India",4.6,50,2.5,24.5751,73.6802,"Lake Palace in Udaipur, Rajasthan. Palace. former palace, today hotel on the Jag Niwas island in Lake Pichola, Udaipur, India"
Aina Mahal,Bhuj,Bhuj,Gujarat,Palace,"18th-century palace in Bhuj, Gujarat, India",4.3,25,2.0,23.2553,69.6688,"Aina Mahal in Bhuj, Gujarat. Palace. 18th-century palace in Bhuj, Gujarat, India"
Kowdiar Palace,Ananthapuram,Ananthapuram,Kerala,Palace,"Palace in Thiruvananthapuram district, Keralam, India",4.8,50,2.5,8.524,76.9633,"Kowdiar Palace in Ananthapuram, Kerala. Palace. Palace in Thiruvananthapuram district, Keralam, India"
Kodungallur Kovilakam,Thrissur,Thrissur,Kerala,Palace,"Palace in Thrissur district, Keralam, India",4.4,25,2.0,10.2162,76.2011,"Kodungallur Kovilakam in Thrissur, Kerala. Palace. Palace in Thrissur district, Keralam, India"
Padmanabhapuram Palace,Nabha,Nabha,India,Palace,palace in Travancore,4.3,50,2.5,8.2509,77.3267,"Padmanabhapuram Palace in Nabha, India. Palace. palace in Travancore"
Gajlaxmi Palace,Dhenkanal,Dhenkanal,Odisha,Palace,"historic site in Dhenkanal, Odisha",4.7,50,2.5,20.6487,85.6077,"Gajlaxmi Palace in Dhenkanal, Odisha. Palace. historic site in Dhenkanal, Odisha"
Chowmahalla Palace,Hyderabad,Hyderabad,Telangana,Palace,"Palace in Telangana, India",4.3,50,2.5,17.3577,78.4717,"Chowmahalla Palace in Hyderabad, Telangana. Palace. Palace in Telangana, India"
Lok Bhavan,"Ward No. 45, Kolkata Municipal Corporation","Ward No. 45, Kolkata Municipal Corporation",West Bengal,Palace,official residence of the Governor of West Bengal,4.9,25,2.0,22.5673,88.3475,"Lok Bhavan in Ward No. 45, Kolkata Municipal Corporation, West Bengal. Palace. official residence of the Governor of West Bengal"
Amar Mahal Palace,Jammu,Jammu,Jammu & Kashmir,Palace,historical palace and museum in Jammu,4.6,50,2.5,32.748,74.872,"Amar Mahal Palace in Jammu, Jammu & Kashmir. Palace. historical palace and museum in Jammu"
Jabalpur Madan Mahal,Jabalpur,Jabalpur,Madhya Pradesh,Palace,human settlement in India,4.8,25,2.0,23.1483,79.9016,"Jabalpur Madan Mahal in Jabalpur, Madhya Pradesh. Palace. human settlement in India"
Chattar Manzil,Lucknow District,Lucknow District,Uttar Pradesh,Palace,"palace in Uttar Pradesh, India",4.3,25,2.0,26.8587,80.932,"Chattar Manzil in Lucknow District, Uttar Pradesh. Palace. palace in Uttar Pradesh, India"
Kuthira Malika,Ananthapuram,Ananthapuram,Kerala,Palace,"Palace in Thiruvananthapuram district, Keralam, India",4.6,25,2.0,8.4824,76.9455,"Kuthira Malika in Ananthapuram, Kerala. Palace. Palace in Thiruvananthapuram district, Keralam, India"
Deeg Palace,Deeg,Deeg,Rajasthan,Palace,"palace in Deeg, Bharatpur district, Rajasthan, India",4.9,50,2.5,27.4722,77.3239,"Deeg Palace in Deeg, Rajasthan. Palace. palace in Deeg, Bharatpur district, Rajasthan, India"
Datia Palace,Datia,Datia,Madhya Pradesh,Palace,17th century palace in central India,4.3,50,2.5,25.6738,78.4542,"Datia Palace in Datia, Madhya Pradesh. Palace. 17th century palace in central India"
Shivappa Nayaka Palace,Moga,Moga,Karnataka,Palace,"palace and museum in Karnataka state, India",4.6,50,2.5,20.5937,78.9629,"Shivappa Nayaka Palace in Moga, Karnataka. Palace. palace and museum in Karnataka state, India"
Bashirbagh Palace,Hyderabad,Hyderabad,Andhra Pradesh,Palace,"Demolished palace in Hyderabad, India",4.5,50,2.5,17.3998,78.4766,"Bashirbagh Palace in Hyderabad, Andhra Pradesh. Palace. Demolished palace in Hyderabad, India"
Jal Mahal,Jaipur,Jaipur,Rajasthan,Palace,"palace in Man Sagar Lake, Rajasthan, India",4.8,25,2.0,26.9533,75.8461,"Jal Mahal in Jaipur, Rajasthan. Palace. palace in Man Sagar Lake, Rajasthan, India"
Hazarduari Palace,Murshidabad,Murshidabad,West Bengal,Palace,"historical building of Murshidabad, West Bengal",4.9,50,2.5,24.1869,88.2688,"Hazarduari Palace in Murshidabad, West Bengal. Palace. historical building of Murshidabad, West Bengal"
Hill Fort Palace,Hyderabad,Hyderabad,Andhra Pradesh,Palace,"former palace, converted into a hotel in Hyderabad",4.8,50,2.5,17.4033,78.4789,"Hill Fort Palace in Hyderabad, Andhra Pradesh. Palace. former palace, converted into a hotel in Hyderabad"
Mysore Palace,Mysore,Mysore,Karnataka,Palace,"historical palace in Mysuru, Karnataka, India",4.6,50,2.5,12.3039,76.6544,"Mysore Palace in Mysore, Karnataka. Palace. historical palace in Mysuru, Karnataka, India"
Mattancherry Palace,Kerala,Kerala,Kerala,Palace,"Palace in Ernakulam district, Keralam, India",4.6,50,2.5,9.9583,76.2594,"Mattancherry Palace in Kerala, Kerala. Palace. Palace in Ernakulam district, Keralam, India"
Jahangiri Mahal,Agra,Agra,Uttar Pradesh,Palace,Palace in the Agra Fort of India,4.8,25,2.0,27.1779,78.023,"Jahangiri Mahal in Agra, Uttar Pradesh. Palace. Palace in the Agra Fort of India"
Sikandar Bagh,Lucknow,Lucknow,Uttar Pradesh,Palace,present day Park which was stormed in 1857 by the British during the Indian Rebellion,4.3,25,2.0,26.861,80.9254,"Sikandar Bagh in Lucknow, Uttar Pradesh. Palace. present day Park which was stormed in 1857 by the British during the Indian Rebellion"
Khas Mahal,Delhi,Delhi,Delhi,Palace,Indian historical building,4.8,25,2.0,28.6561,77.2436,"Khas Mahal in Delhi, Delhi. Palace. Indian historical building"
Nilambaug Palace,Bhavnagar,Bhavnagar,Gujarat,Palace,palace in Bhavnagar city,4.7,50,2.5,21.7662,72.1308,"Nilambaug Palace in Bhavnagar, Gujarat. Palace. palace in Bhavnagar city"
Thevally Palace,Kollam,Kollam,Kerala,Palace,"Palace in Kollam district, Keralam, India",4.5,50,2.5,8.9029,76.5795,"Thevally Palace in Kollam, Kerala. Palace. Palace in Kollam district, Keralam, India"
Sivaganga Palace,Sivaganga,Sivaganga,India,Palace,building in India,4.8,50,2.5,9.8486,78.4864,"Sivaganga Palace in Sivaganga, India. Palace. building in India"
Cooch Behar Palace,Cooch Behar,Cooch Behar,West Bengal,Palace,Palace in West Bengal,4.7,50,2.5,26.3269,89.4386,"Cooch Behar Palace in Cooch Behar, West Bengal. Palace. Palace in West Bengal"
Sovabazar Rajbari,Bari,Bari,West Bengal,Palace,palace in India,4.7,25,2.0,20.5937,78.9629,"Sovabazar Rajbari in Bari, West Bengal. Palace. palace in India"
Prag Mahal,Bhuj,Bhuj,Gujarat,Palace,"19th-century palace in Gujarat, India",4.9,25,2.0,23.2548,69.6683,"Prag Mahal in Bhuj, Gujarat. Palace. 19th-century palace in Gujarat, India"
Sri Moolam Thirunal Palace,Kollam,Kollam,Kerala,Palace,"Palace in Kollam district, Keralam, India",4.5,50,2.5,8.8836,76.5924,"Sri Moolam Thirunal Palace in Kollam, Kerala. Palace. Palace in Kollam district, Keralam, India"
Amber Fort,Jaipur,Jaipur,Rajasthan,Palace,"fort and palace in Rajasthan, India",4.3,50,2.5,26.9859,75.8507,"Amber Fort in Jaipur, Rajasthan. Palace. fort and palace in Rajasthan, India"
Kaliadeh Palace,Madhya Pradesh,Madhya Pradesh,Madhya Pradesh,Palace,15th century palace in central India,4.3,50,2.5,23.249,75.778,"Kaliadeh Palace in Madhya Pradesh, Madhya Pradesh. Palace. 15th century palace in central India"
Bhupalpur Rajbari,Bari,Bari,India,Palace,"Notable tourist landmark and point of interest located in Bari, India.",4.8,25,2.0,25.5386,88.1508,"Bhupalpur Rajbari in Bari, India. Palace. Notable tourist landmark and point of interest located in Bari, India."
Moti Bagh Palace,Punjab,Punjab,Punjab,Palace,"Royal palace in Punjab, India",4.7,50,2.5,20.5937,78.9629,"Moti Bagh Palace in Punjab, Punjab. Palace. Royal palace in Punjab, India"
Zamindar House Of Bandopadhyay Family,Ketugram Ii Community Development Block,Ketugram Ii Community Development Block,India,Palace,"Notable tourist landmark and point of interest located in Ketugram Ii Community Development Block, India.",4.4,25,2.0,23.7108,88.0996,"Zamindar House Of Bandopadhyay Family in Ketugram Ii Community Development Block, India. Palace. Notable tourist landmark and point of interest located in Ketugram Ii Community Development Block, India."
Bhavvilas Palace,Bhavnagar,Bhavnagar,Gujarat,Palace,palace at Bhavnagar,4.3,50,2.5,21.7559,72.117,"Bhavvilas Palace in Bhavnagar, Gujarat. Palace. palace at Bhavnagar"
Natun Bagchi Bari,Bari,Bari,India,Palace,"Notable tourist landmark and point of interest located in Bari, India.",4.6,25,2.0,23.9907,88.6615,"Natun Bagchi Bari in Bari, India. Palace. Notable tourist landmark and point of interest located in Bari, India."
Krishnanagar Rajbari,Agar,Agar,West Bengal,Palace,Royal palace in West Bengal,4.8,25,2.0,23.3983,88.4977,"Krishnanagar Rajbari in Agar, West Bengal. Palace. Royal palace in West Bengal"
Vijaya Vilas Palace,Mandvi Taluka,Mandvi Taluka,India,Palace,Princely palace,4.3,50,2.5,22.8341,69.2848,"Vijaya Vilas Palace in Mandvi Taluka, India. Palace. Princely palace"
Ruined Palace Of Bose Family,Pingla Community Development Block,Pingla Community Development Block,India,Palace,"Notable tourist landmark and point of interest located in Pingla Community Development Block, India.",4.4,50,2.5,22.2801,87.5835,"Ruined Palace Of Bose Family in Pingla Community Development Block, India. Palace. Notable tourist landmark and point of interest located in Pingla Community Development Block, India."
Dhuliyan Rajbari,Bari,Bari,West Bengal,Palace,Palace in West Bengal,4.9,25,2.0,24.6801,87.952,"Dhuliyan Rajbari in Bari, West Bengal. Palace. Palace in West Bengal"
Kondapalli Fort,Krishna District,Krishna District,Andhra Pradesh,Palace,"fort in Kondapalli village of Krishna district in Andhra Pradesh, India",4.4,50,2.5,16.6253,80.5307,"Kondapalli Fort in Krishna District, Andhra Pradesh. Palace. fort in Kondapalli village of Krishna district in Andhra Pradesh, India"
Zafar Mahal,South Delhi District,South Delhi District,Delhi,Palace,building in India,4.6,25,2.0,28.5158,77.1775,"Zafar Mahal in South Delhi District, Delhi. Palace. building in India"
Navlakha Palace,Agar,Agar,Bihar,Palace,"palace in Bihar, India",4.5,50,2.5,26.4047,86.1717,"Navlakha Palace in Agar, Bihar. Palace. palace in Bihar, India"
Bagchi Bari,Bari,Bari,India,Palace,"Notable tourist landmark and point of interest located in Bari, India.",4.4,25,2.0,23.992,88.661,"Bagchi Bari in Bari, India. Palace. Notable tourist landmark and point of interest located in Bari, India."
Zamindar House At Banamalipara,Chakdaha Community Development Block,Chakdaha Community Development Block,India,Palace,"Notable tourist landmark and point of interest located in Chakdaha Community Development Block, India.",4.9,25,2.0,23.0663,88.5928,"Zamindar House At Banamalipara in Chakdaha Community Development Block, India. Palace. Notable tourist landmark and point of interest located in Chakdaha Community Development Block, India."
Garh Palace,Kota,Kota,Rajasthan,Palace,"palace in Kota, Rajasthan, India",4.5,50,2.5,20.5937,78.9629,"Garh Palace in Kota, Rajasthan. Palace. palace in Kota, Rajasthan, India"
Gayen Castle,Basirhat Ii Community Development Block,Basirhat Ii Community Development Block,India,Palace,"Notable tourist landmark and point of interest located in Basirhat Ii Community Development Block, India.",4.3,25,2.0,22.691,88.7582,"Gayen Castle in Basirhat Ii Community Development Block, India. Palace. Notable tourist landmark and point of interest located in Basirhat Ii Community Development Block, India."
Bhukailash Palace,"Ward No. 79, Kolkata Municipal Corporation","Ward No. 79, Kolkata Municipal Corporation",West Bengal,Palace,palace in Kolkata,4.8,50,2.5,20.5937,78.9629,"Bhukailash Palace in Ward No. 79, Kolkata Municipal Corporation, West Bengal. Palace. palace in Kolkata"
Kareng Ghar,Sivasagar,Sivasagar,India,Palace,Historic building in India,4.8,25,2.0,26.9364,94.7452,"Kareng Ghar in Sivasagar, India. Palace. Historic building in India"
Sher Garhi Palace,Agar,Agar,Jammu and Kashmir,Palace,"former palace in Srinagar, India",4.9,50,2.5,34.0723,74.8062,"Sher Garhi Palace in Agar, Jammu and Kashmir. Palace. former palace in Srinagar, India"
Sunderwala Mahal,South East Delhi District,South East Delhi District,Delhi,Palace,building in India,4.3,25,2.0,28.5961,77.2465,"Sunderwala Mahal in South East Delhi District, Delhi. Palace. building in India"
Tamluk Rajbati,Tamluk,Tamluk,India,Palace,palace in Tamluk,4.9,25,2.0,22.2979,87.9213,"Tamluk Rajbati in Tamluk, India. Palace. palace in Tamluk"
Kathgola Palace,Murshidabad,Murshidabad,India,Palace,"complex in Murshidabad-Jiaganj CD block, Murshidabad district",4.6,50,2.5,24.2076,88.2672,"Kathgola Palace in Murshidabad, India. Palace. complex in Murshidabad-Jiaganj CD block, Murshidabad district"
Taj Mahal Palace,Bhopal,Bhopal,Madhya Pradesh,Palace,"Taj Mahal Palace,Bhopal",4.5,50,2.5,23.267,77.3924,"Taj Mahal Palace in Bhopal, Madhya Pradesh. Palace. Taj Mahal Palace,Bhopal"
Dupleix Palace,Agar,Agar,West Bengal,Palace,palace museum situated in West Bengal,4.5,50,2.5,22.8565,88.3692,"Dupleix Palace in Agar, West Bengal. Palace. palace museum situated in West Bengal"
Zamindar House Of Singha Roy Family,Nakashipara Community Development Block,Nakashipara Community Development Block,India,Palace,"Notable tourist landmark and point of interest located in Nakashipara Community Development Block, India.",4.4,25,2.0,23.5912,88.3477,"Zamindar House Of Singha Roy Family in Nakashipara Community Development Block, India. Palace. Notable tourist landmark and point of interest located in Nakashipara Community Development Block, India."
Tipu Sultan'S Summer Palace,Bengaluru,Bengaluru,Karnataka,Palace,building in India,4.5,50,2.5,12.9595,77.5736,"Tipu Sultan'S Summer Palace in Bengaluru, Karnataka. Palace. building in India"
Chittaranjan Palace,Mysore,Mysore,Karnataka,Palace,"hotel in Mysore, India",4.3,50,2.5,12.3223,76.6175,"Chittaranjan Palace in Mysore, Karnataka. Palace. hotel in Mysore, India"
Lalitha Mahal,Mysore,Mysore,Karnataka,Palace,building in India,4.5,25,2.0,12.298,76.693,"Lalitha Mahal in Mysore, Karnataka. Palace. building in India"
Kamlapati Palace,Bhopal,Bhopal,Madhya Pradesh,Palace,building in India,4.8,50,2.5,23.2509,77.3979,"Kamlapati Palace in Bhopal, Madhya Pradesh. Palace. building in India"
Kanika Palace,Kendrapara District,Kendrapara District,India,Palace,"building in Rajkanika, India",4.6,50,2.5,20.7351,86.6999,"Kanika Palace in Kendrapara District, India. Palace. building in Rajkanika, India"
Shah Jahani Mahal,Agra,Agra,Uttar Pradesh,Palace,"historic site in Uttar Pradesh, India",4.4,25,2.0,27.1788,78.0231,"Shah Jahani Mahal in Agra, Uttar Pradesh. Palace. historic site in Uttar Pradesh, India"
Namak Haram Deorhi,Murshidabad,Murshidabad,India,Palace,building in India,4.7,25,2.0,24.2022,88.2637,"Namak Haram Deorhi in Murshidabad, India. Palace. building in India"
Andul Rajbari,Bari,Bari,West Bengal,Palace,Historical Building in Kolkata,4.4,25,2.0,22.5832,88.2356,"Andul Rajbari in Bari, West Bengal. Palace. Historical Building in Kolkata"
Sainik School,Kapurthala,Kapurthala,India,Palace,"former palace, now a school, in Kapurthala, India",4.7,25,2.0,31.3738,75.3918,"Sainik School in Kapurthala, India. Palace. former palace, now a school, in Kapurthala, India"
Sisodiya Rani Bagh,Jaipur,Jaipur,Rajasthan,Palace,garden in India,4.4,25,2.0,26.8993,75.8586,"Sisodiya Rani Bagh in Jaipur, Rajasthan. Palace. garden in India"
Kalibabur Bari,Bari,Bari,West Bengal,Palace,palace in West Bengal,4.5,25,2.0,20.5937,78.9629,"Kalibabur Bari in Bari, West Bengal. Palace. palace in West Bengal"
Rajwada Palace,Indore,Indore,Madhya Pradesh,Palace,Palace of Holker Dynasty,4.7,50,2.5,22.7184,75.8552,"Rajwada Palace in Indore, Madhya Pradesh. Palace. Palace of Holker Dynasty"
Nalknad Palace,Kodagu District,Kodagu District,Karnataka,Palace,"palace in Karnataka, India",4.9,50,2.5,12.243,75.7016,"Nalknad Palace in Kodagu District, Karnataka. Palace. palace in Karnataka, India"
Kilimanoor Palace,Ananthapuram,Ananthapuram,Kerala,Palace,"Palace in Thiruvananthapuram district, Keralam, India",4.9,50,2.5,8.7628,76.8656,"Kilimanoor Palace in Ananthapuram, Kerala. Palace. Palace in Thiruvananthapuram district, Keralam, India"
Kishori Mahal,Bharatpur District,Bharatpur District,Rajasthan,Palace,"palace in Bharatpur, Rajasthan, India",4.9,25,2.0,27.2206,77.495,"Kishori Mahal in Bharatpur District, Rajasthan. Palace. palace in Bharatpur, Rajasthan, India"
Pandalam Palace,Pandalam,Pandalam,Kerala,Palace,Royal palace in Kerala,4.6,50,2.5,9.2324,76.6755,"Pandalam Palace in Pandalam, Kerala. Palace. Royal palace in Kerala"
Shiv Niwas Palace,Udaipur,Udaipur,Rajasthan,Palace,building in India,4.4,50,2.5,24.5743,73.6817,"Shiv Niwas Palace in Udaipur, Rajasthan. Palace. building in India"
Tb And Chest Hospital,Hyderabad,Hyderabad,Andhra Pradesh,Palace,Hospital building (former palace),4.6,25,2.0,17.4455,78.435,"Tb And Chest Hospital in Hyderabad, Andhra Pradesh. Palace. Hospital building (former palace)"
Summer Palace Of Maharaja Ranjit Singh,Amritsar,Amritsar,Punjab,Palace,"palace in Amritsar, Punjab, India",4.6,50,2.5,31.6377,74.8772,"Summer Palace Of Maharaja Ranjit Singh in Amritsar, Punjab. Palace. palace in Amritsar, Punjab, India"
Sariska Palace,Alwar District,Alwar District,Rajasthan,Palace,"palace and hotel in Rajasthan, India",4.8,50,2.5,27.3928,76.3725,"Sariska Palace in Alwar District, Rajasthan. Palace. palace and hotel in Rajasthan, India"
Narmada Kothi,India,India,India,Palace,"palace in Barwaha, India",4.6,25,2.0,22.2297,76.0484,"Narmada Kothi in India, India. Palace. palace in Barwaha, India"
Jahangir Mahal,Orchha,Orchha,India,Palace,17th century palace in Bundelkhand,4.9,25,2.0,25.3506,78.6442,"Jahangir Mahal in Orchha, India. Palace. 17th century palace in Bundelkhand"
Royal Palace,Alwar District,Alwar District,Rajasthan,Palace,"palace in Bhangarh, Rajasthan, India",4.5,50,2.5,27.0964,76.2858,"Royal Palace in Alwar District, Rajasthan. Palace. palace in Bhangarh, Rajasthan, India"
Mubarak Mandi Palace,Jammu,Jammu,Jammu & Kashmir,Palace,"palace in Jammu, India",4.7,50,2.5,32.7392,74.8747,"Mubarak Mandi Palace in Jammu, Jammu & Kashmir. Palace. palace in Jammu, India"
Nedumpuram Palace,Kollam,Kollam,Kerala,Palace,"Royal building in Kerala, India",4.8,50,2.5,9.385,76.575,"Nedumpuram Palace in Kollam, Kerala. Palace. Royal building in Kerala, India"
Wasif Manzil,Murshidabad,Murshidabad,India,Palace,residence of Nawab Wasif Ali Mirza Khan,4.8,25,2.0,24.1826,88.2689,"Wasif Manzil in Murshidabad, India. Palace. residence of Nawab Wasif Ali Mirza Khan"
Shakthan Thampuran Palace,Thrissur,Thrissur,Kerala,Palace,"Palace in Thrissur district, Keralam, India",4.4,50,2.5,10.5312,76.2163,"Shakthan Thampuran Palace in Thrissur, Kerala. Palace. Palace in Thrissur district, Keralam, India"
Rani Mahal,Jhansi,Jhansi,Uttar Pradesh,Palace,"palace in Jhansi, Uttar Pradesh, India",4.3,25,2.0,25.4583,78.58,"Rani Mahal in Jhansi, Uttar Pradesh. Palace. palace in Jhansi, Uttar Pradesh, India"
New Palace,Kolhapur,Kolhapur,Maharashtra,Palace,"palace in Kolhapur, Maharashtra, India",4.8,50,2.5,16.7187,74.2333,"New Palace in Kolhapur, Maharashtra. Palace. palace in Kolhapur, Maharashtra, India"
Nashipur Rajbari,Bari,Bari,India,Palace,old palace of the Nashipur village,4.7,25,2.0,24.207,88.263,"Nashipur Rajbari in Bari, India. Palace. old palace of the Nashipur village"
Marble Palace,"Ward No. 41, Kolkata Municipal Corporation","Ward No. 41, Kolkata Municipal Corporation",West Bengal,Palace,historic building in Kolkata,4.3,50,2.5,22.5824,88.3601,"Marble Palace in Ward No. 41, Kolkata Municipal Corporation, West Bengal. Palace. historic building in Kolkata"
Sardar Mahal,Hyderabad,Hyderabad,Andhra Pradesh,Palace,"Royal Palace in Hyderabad, India",4.4,25,2.0,17.3609,78.4764,"Sardar Mahal in Hyderabad, Andhra Pradesh. Palace. Royal Palace in Hyderabad, India"
Jaganmohan Palace,Mysore,Mysore,Karnataka,Palace,building in India,4.5,50,2.5,12.3068,76.6499,"Jaganmohan Palace in Mysore, Karnataka. Palace. building in India"
Sheesh Mahal,Patiala,Patiala,Punjab,Palace,"palace in Patiala, India",4.8,25,2.0,30.3065,76.3961,"Sheesh Mahal in Patiala, Punjab. Palace. palace in Patiala, India"
Gadhi And Mahal,Morena,Morena,Madhya Pradesh,Palace,"Notable tourist landmark and point of interest located in Morena, Madhya Pradesh.",4.5,25,2.0,26.6222,77.9425,"Gadhi And Mahal in Morena, Madhya Pradesh. Palace. Notable tourist landmark and point of interest located in Morena, Madhya Pradesh."
Katoch Palace,Hamirpur District,Hamirpur District,India,Palace,building in India,4.9,50,2.5,31.8289,76.5121,"Katoch Palace in Hamirpur District, India. Palace. building in India"
Dhubela Mahal,Chhatarpur District,Chhatarpur District,India,Palace,"Notable tourist landmark and point of interest located in Chhatarpur District, India.",4.5,25,2.0,25.0081,79.4797,"Dhubela Mahal in Chhatarpur District, India. Palace. Notable tourist landmark and point of interest located in Chhatarpur District, India."
Itachuna Rajbari,Bari,Bari,India,Palace,"Notable tourist landmark and point of interest located in Bari, India.",4.4,25,2.0,23.031,88.3086,"Itachuna Rajbari in Bari, India. Palace. Notable tourist landmark and point of interest located in Bari, India."
Alambagh Palace,Lucknow District,Lucknow District,Uttar Pradesh,Palace,"Notable tourist landmark and point of interest located in Lucknow District, Uttar Pradesh.",4.6,50,2.5,26.8125,80.9044,"Alambagh Palace in Lucknow District, Uttar Pradesh. Palace. Notable tourist landmark and point of interest located in Lucknow District, Uttar Pradesh."
Darbargarh,Sihor Taluka,Sihor Taluka,Gujarat,Palace,"in Gujarat, India",4.5,25,2.0,21.7108,71.9667,"Darbargarh in Sihor Taluka, Gujarat. Palace. in Gujarat, India"
Badal Mahal,Baran,Baran,Rajasthan,Palace,"Notable tourist landmark and point of interest located in Baran, Rajasthan.",4.6,25,2.0,25.2486,77.1519,"Badal Mahal in Baran, Rajasthan. Palace. Notable tourist landmark and point of interest located in Baran, Rajasthan."
Raja Mahal,Orchha,Orchha,Madhya Pradesh,Palace,"old palace in Orchha, Madhya Pradesh, India",4.8,25,2.0,25.3503,78.6431,"Raja Mahal in Orchha, Madhya Pradesh. Palace. old palace in Orchha, Madhya Pradesh, India"
Sripur Palace,"Ward No. 2, Berhampore Municipality","Ward No. 2, Berhampore Municipality",India,Palace,"Notable tourist landmark and point of interest located in Ward No. 2, Berhampore Municipality, India.",4.8,50,2.5,24.12,88.2758,"Sripur Palace in Ward No. 2, Berhampore Municipality, India. Palace. Notable tourist landmark and point of interest located in Ward No. 2, Berhampore Municipality, India."
Jalpaiguri Rajbati,Jalpaiguri,Jalpaiguri,West Bengal,Palace,"Notable tourist landmark and point of interest located in Jalpaiguri, West Bengal.",4.5,25,2.0,26.5399,88.7185,"Jalpaiguri Rajbati in Jalpaiguri, West Bengal. Palace. Notable tourist landmark and point of interest located in Jalpaiguri, West Bengal."
Naya Mahal,Bhind District,Bhind District,India,Palace,"Notable tourist landmark and point of interest located in Bhind District, India.",4.5,25,2.0,26.425,78.446,"Naya Mahal in Bhind District, India. Palace. Notable tourist landmark and point of interest located in Bhind District, India."
Prachin Prasad,Bharatpur District,Bharatpur District,India,Palace,"Notable tourist landmark and point of interest located in Bharatpur District, India.",4.8,25,2.0,27.315,77.3792,"Prachin Prasad in Bharatpur District, India. Palace. Notable tourist landmark and point of interest located in Bharatpur District, India."
Sunahari Kothi,Tonk District,Tonk District,India,Palace,"Notable tourist landmark and point of interest located in Tonk District, India.",4.3,25,2.0,26.1606,75.7825,"Sunahari Kothi in Tonk District, India. Palace. Notable tourist landmark and point of interest located in Tonk District, India."
Darbargadh,Halvad Taluka,Halvad Taluka,Gujarat,Palace,"palace in Gujarat, India",4.7,25,2.0,23.0117,71.1786,"Darbargadh in Halvad Taluka, Gujarat. Palace. palace in Gujarat, India"
Gaganmahal,Agar,Agar,India,Palace,Summer palace of Vijayanagara Raja’s,4.3,25,2.0,14.0789,77.5939,"Gaganmahal in Agar, India. Palace. Summer palace of Vijayanagara Raja’s"
The Nanisahib'S Palace,Raigad District,Raigad District,India,Palace,palace in Kolaba Fort,4.9,50,2.5,18.635,72.8642,"The Nanisahib'S Palace in Raigad District, India. Palace. palace in Kolaba Fort"
Badshahi Haveli,Ajmer,Ajmer,Rajasthan,Palace,"palace in Ajmer, Rajasthan, India",4.6,25,2.0,26.4613,74.6311,"Badshahi Haveli in Ajmer, Rajasthan. Palace. palace in Ajmer, Rajasthan, India"
Lalbagh Palace,Indore District,Indore District,Madhya Pradesh,Palace,"Residence of the Holkar Maharaja of Indore, Madhya Pradesh, India",4.6,50,2.5,22.7001,75.8471,"Lalbagh Palace in Indore District, Madhya Pradesh. Palace. Residence of the Holkar Maharaja of Indore, Madhya Pradesh, India"
Ruined Palace Of Maharana Pratap At Chavand,Udaipur,Udaipur,Rajasthan,Palace,"palace ruins in Rajasthan, India",4.8,50,2.5,24.1771,73.8113,"Ruined Palace Of Maharana Pratap At Chavand in Udaipur, Rajasthan. Palace. palace ruins in Rajasthan, India"
Inner Courtyard Of Chowtar'S Palace At Mudabidri,Udupi,Udupi,Karnataka,Palace,"palace in Karnataka, India",4.4,50,2.5,13.0718,74.9961,"Inner Courtyard Of Chowtar'S Palace At Mudabidri in Udupi, Karnataka. Palace. palace in Karnataka, India"
Cossimbazar Rajbati,"Ward No. 36, Kolkata Municipal Corporation","Ward No. 36, Kolkata Municipal Corporation",West Bengal,Palace,"Notable tourist landmark and point of interest located in Ward No. 36, Kolkata Municipal Corporation, West Bengal.",4.7,25,2.0,22.5723,88.3724,"Cossimbazar Rajbati in Ward No. 36, Kolkata Municipal Corporation, West Bengal. Palace. Notable tourist landmark and point of interest located in Ward No. 36, Kolkata Municipal Corporation, West Bengal."
Andha Mahal,Dhar,Dhar,Madhya Pradesh,Palace,palace in Madhya Pradesh,4.4,25,2.0,22.3644,75.388,"Andha Mahal in Dhar, Madhya Pradesh. Palace. palace in Madhya Pradesh"
Rao Ratan Mahal,Burhanpur,Burhanpur,Madhya Pradesh,Palace,"Notable tourist landmark and point of interest located in Burhanpur, Madhya Pradesh.",4.5,25,2.0,21.2883,76.2058,"Rao Ratan Mahal in Burhanpur, Madhya Pradesh. Palace. Notable tourist landmark and point of interest located in Burhanpur, Madhya Pradesh."
Nayala Palace,Jaipur,Jaipur,Rajasthan,Palace,"Notable tourist landmark and point of interest located in Jaipur, Rajasthan.",4.4,50,2.5,26.9217,75.9764,"Nayala Palace in Jaipur, Rajasthan. Palace. Notable tourist landmark and point of interest located in Jaipur, Rajasthan."
Sangeeth And Nari Mahals,Vijaypura District,Vijaypura District,Karnataka,Palace,"palace ruins in Karnataka, India",4.6,25,2.0,16.8282,75.6583,"Sangeeth And Nari Mahals in Vijaypura District, Karnataka. Palace. palace ruins in Karnataka, India"
Banasar House,Patiala,Patiala,Punjab,Palace,"Notable tourist landmark and point of interest located in Patiala, Punjab.",4.4,25,2.0,20.5937,78.9629,"Banasar House in Patiala, Punjab. Palace. Notable tourist landmark and point of interest located in Patiala, Punjab."
Aam Khas Bagh,Fatehgarh Sahib District,Fatehgarh Sahib District,India,Palace,"Notable tourist landmark and point of interest located in Fatehgarh Sahib District, India.",4.9,25,2.0,20.5937,78.9629,"Aam Khas Bagh in Fatehgarh Sahib District, India. Palace. Notable tourist landmark and point of interest located in Fatehgarh Sahib District, India."
Pravin Rai Mahal,Orchha,Orchha,India,Palace,historic site in Orchha,4.8,25,2.0,25.3517,78.6447,"Pravin Rai Mahal in Orchha, India. Palace. historic site in Orchha"
Mahal Badshahi,Ajmer,Ajmer,Rajasthan,Palace,"Notable tourist landmark and point of interest located in Ajmer, Rajasthan.",4.7,25,2.0,26.4847,74.5545,"Mahal Badshahi in Ajmer, Rajasthan. Palace. Notable tourist landmark and point of interest located in Ajmer, Rajasthan."
Ancient Palace,Bharatpur District,Bharatpur District,India,Palace,"Notable tourist landmark and point of interest located in Bharatpur District, India.",4.8,50,2.5,27.6489,77.2667,"Ancient Palace in Bharatpur District, India. Palace. Notable tourist landmark and point of interest located in Bharatpur District, India."
Mahal (Idgah Near The Ain Ulmul Kha'S Tomb,Vijaypura District,Vijaypura District,India,Palace,"Notable tourist landmark and point of interest located in Vijaypura District, India.",4.4,50,2.5,16.8265,75.7726,"Mahal (Idgah Near The Ain Ulmul Kha'S Tomb in Vijaypura District, India. Palace. Notable tourist landmark and point of interest located in Vijaypura District, India."
Kalikapur Zamindar Palace,Ausgram Ii Community Development Block,Ausgram Ii Community Development Block,West Bengal,Palace,"kalikapur Palace in Purba Burdhaman, West Bengal, India",4.4,50,2.5,23.582,87.5394,"Kalikapur Zamindar Palace in Ausgram Ii Community Development Block, West Bengal. Palace. kalikapur Palace in Purba Burdhaman, West Bengal, India"
Ancient Palaces Of Raja Suchet Singh,Udhampur District,Udhampur District,India,Palace,"Notable tourist landmark and point of interest located in Udhampur District, India.",4.6,50,2.5,32.8053,75.3183,"Ancient Palaces Of Raja Suchet Singh in Udhampur District, India. Palace. Notable tourist landmark and point of interest located in Udhampur District, India."
Bhor Rajwada,India,India,Maharashtra,Palace,Royal Residence in Maharashtra,4.6,25,2.0,18.1525,73.8401,"Bhor Rajwada in India, Maharashtra. Palace. Royal Residence in Maharashtra"
Ariyittuvazhcha Kovilakam,Ernakulam District,Ernakulam District,India,Palace,building at Mattancherry used to perform Ariyittuvazhcha,4.4,25,2.0,9.9573,76.2527,"Ariyittuvazhcha Kovilakam in Ernakulam District, India. Palace. building at Mattancherry used to perform Ariyittuvazhcha"
Karnamahal,Gwalior,Gwalior,Madhya Pradesh,Palace,"palace in Madhya Pradesh, India",4.6,25,2.0,26.2316,78.169,"Karnamahal in Gwalior, Madhya Pradesh. Palace. palace in Madhya Pradesh, India"
Tipu'S Palace,Kolar District,Kolar District,India,Palace,"Notable tourist landmark and point of interest located in Kolar District, India.",4.3,50,2.5,20.5937,78.9629,"Tipu'S Palace in Kolar District, India. Palace. Notable tourist landmark and point of interest located in Kolar District, India."
Chaman Mahal,Bhopal,Bhopal,Madhya Pradesh,Palace,"Palace in Bhopal, India",4.3,25,2.0,23.3577,77.4179,"Chaman Mahal in Bhopal, Madhya Pradesh. Palace. Palace in Bhopal, India"
Daga Palace,"Ward No. 24, Kolkata Municipal Corporation","Ward No. 24, Kolkata Municipal Corporation",West Bengal,Palace,"Notable tourist landmark and point of interest located in Ward No. 24, Kolkata Municipal Corporation, West Bengal.",4.6,50,2.5,20.5937,78.9629,"Daga Palace in Ward No. 24, Kolkata Municipal Corporation, West Bengal. Palace. Notable tourist landmark and point of interest located in Ward No. 24, Kolkata Municipal Corporation, West Bengal."
Tagore Castle,"Ward No. 24, Kolkata Municipal Corporation","Ward No. 24, Kolkata Municipal Corporation",West Bengal,Palace,"Notable tourist landmark and point of interest located in Ward No. 24, Kolkata Municipal Corporation, West Bengal.",4.5,25,2.0,20.5937,78.9629,"Tagore Castle in Ward No. 24, Kolkata Municipal Corporation, West Bengal. Palace. Notable tourist landmark and point of interest located in Ward No. 24, Kolkata Municipal Corporation, West Bengal."
Tagore Palace,"Ward No. 24, Kolkata Municipal Corporation","Ward No. 24, Kolkata Municipal Corporation",West Bengal,Palace,"Notable tourist landmark and point of interest located in Ward No. 24, Kolkata Municipal Corporation, West Bengal.",4.4,50,2.5,20.5937,78.9629,"Tagore Palace in Ward No. 24, Kolkata Municipal Corporation, West Bengal. Palace. Notable tourist landmark and point of interest located in Ward No. 24, Kolkata Municipal Corporation, West Bengal."
Rangmahal,Buldhana District,Buldhana District,India,Palace,"Notable tourist landmark and point of interest located in Buldhana District, India.",4.9,25,2.0,19.9525,76.1236,"Rangmahal in Buldhana District, India. Palace. Notable tourist landmark and point of interest located in Buldhana District, India."
Mahal And Bavdi Of Gond Raja,Mandla District,Mandla District,India,Palace,"Notable tourist landmark and point of interest located in Mandla District, India.",4.8,25,2.0,20.5937,78.9629,"Mahal And Bavdi Of Gond Raja in Mandla District, India. Palace. Notable tourist landmark and point of interest located in Mandla District, India."
Moti Magari Ke Prasad,Udaipur,Udaipur,Rajasthan,Palace,"Notable tourist landmark and point of interest located in Udaipur, Rajasthan.",4.9,25,2.0,24.6003,73.6797,"Moti Magari Ke Prasad in Udaipur, Rajasthan. Palace. Notable tourist landmark and point of interest located in Udaipur, Rajasthan."
Palace Site Outside The Fort,Moga,Moga,Karnataka,Palace,"palace ruins in Karnataka, India",4.7,50,2.5,13.8239,75.0347,"Palace Site Outside The Fort in Moga, Karnataka. Palace. palace ruins in Karnataka, India"
Palace,Gadag District,Gadag District,India,Palace,"Notable tourist landmark and point of interest located in Gadag District, India.",4.7,50,2.5,20.5937,78.9629,"Palace in Gadag District, India. Palace. Notable tourist landmark and point of interest located in Gadag District, India."
Baz Bahadur Mahal,Dhar,Dhar,Madhya Pradesh,Palace,"palace in Madhya Pradesh, India",4.8,25,2.0,22.3135,75.4081,"Baz Bahadur Mahal in Dhar, Madhya Pradesh. Palace. palace in Madhya Pradesh, India"
Gujri Mahal,Hisar,Hisar,Haryana,Palace,"building in Haryana, India",4.4,25,2.0,29.1689,75.72,"Gujri Mahal in Hisar, Haryana. Palace. building in Haryana, India"
Jahangir Mahal And Shahjahan Mahal,Gwalior,Gwalior,Madhya Pradesh,Palace,"Notable tourist landmark and point of interest located in Gwalior, Madhya Pradesh.",4.4,25,2.0,26.2325,78.17,"Jahangir Mahal And Shahjahan Mahal in Gwalior, Madhya Pradesh. Palace. Notable tourist landmark and point of interest located in Gwalior, Madhya Pradesh."
Raj Mahal,Jaipur,Jaipur,Rajasthan,Palace,"Palace in Amber, Rajasthan, India",4.6,25,2.0,26.9858,75.8503,"Raj Mahal in Jaipur, Rajasthan. Palace. Palace in Amber, Rajasthan, India"
Ancient Palace And Chhatta,Bharatpur District,Bharatpur District,India,Palace,"Notable tourist landmark and point of interest located in Bharatpur District, India.",4.6,50,2.5,27.4722,77.3236,"Ancient Palace And Chhatta in Bharatpur District, India. Palace. Notable tourist landmark and point of interest located in Bharatpur District, India."
Barber'S Mahal,Raigad District,Raigad District,India,Palace,"Notable tourist landmark and point of interest located in Raigad District, India.",4.9,25,2.0,18.5571,72.9388,"Barber'S Mahal in Raigad District, India. Palace. Notable tourist landmark and point of interest located in Raigad District, India."
Lakshmipuram Palace,Kottayam,Kottayam,Kerala,Palace,"Palace in Kottayam district, Keralam, India",4.9,50,2.5,9.4386,76.533,"Lakshmipuram Palace in Kottayam, Kerala. Palace. Palace in Kottayam district, Keralam, India"
Rang Mahal,Nashik District,Nashik District,Maharashtra,Palace,"palace in Nashik district, Maharashtra, India",4.9,25,2.0,20.33,74.2453,"Rang Mahal in Nashik District, Maharashtra. Palace. palace in Nashik district, Maharashtra, India"
Brij Vilas Bhawan,Kota,Kota,Rajasthan,Palace,"Notable tourist landmark and point of interest located in Kota, Rajasthan.",4.3,25,2.0,25.1856,75.8544,"Brij Vilas Bhawan in Kota, Rajasthan. Palace. Notable tourist landmark and point of interest located in Kota, Rajasthan."
Pundrik Ji-Ki-Haveli,Jaipur,Jaipur,Rajasthan,Palace,"Notable tourist landmark and point of interest located in Jaipur, Rajasthan.",4.5,25,2.0,26.9367,75.8249,"Pundrik Ji-Ki-Haveli in Jaipur, Rajasthan. Palace. Notable tourist landmark and point of interest located in Jaipur, Rajasthan."
Prachin Mahal Below Hill,Jaipur,Jaipur,Rajasthan,Palace,"Notable tourist landmark and point of interest located in Jaipur, Rajasthan.",4.8,25,2.0,26.9878,75.8497,"Prachin Mahal Below Hill in Jaipur, Rajasthan. Palace. Notable tourist landmark and point of interest located in Jaipur, Rajasthan."
Narajol Royal Palace,Daspur I Community Development Block,Daspur I Community Development Block,India,Palace,"Notable tourist landmark and point of interest located in Daspur I Community Development Block, India.",4.5,50,2.5,22.5685,87.6134,"Narajol Royal Palace in Daspur I Community Development Block, India. Palace. Notable tourist landmark and point of interest located in Daspur I Community Development Block, India."
Thibaw Palace,Ratnagiri District,Ratnagiri District,India,Palace,"Notable tourist landmark and point of interest located in Ratnagiri District, India.",4.8,50,2.5,16.9836,73.3114,"Thibaw Palace in Ratnagiri District, India. Palace. Notable tourist landmark and point of interest located in Ratnagiri District, India."
Gond Mahal,Bhopal,Bhopal,Madhya Pradesh,Palace,"Notable tourist landmark and point of interest located in Bhopal, Madhya Pradesh.",4.5,25,2.0,23.3569,77.4156,"Gond Mahal in Bhopal, Madhya Pradesh. Palace. Notable tourist landmark and point of interest located in Bhopal, Madhya Pradesh."
Ruins Of Gopala Raja’S Palace,Kurnool District,Kurnool District,India,Palace,"Notable tourist landmark and point of interest located in Kurnool District, India.",4.8,50,2.5,20.5937,78.9629,"Ruins Of Gopala Raja’S Palace in Kurnool District, India. Palace. Notable tourist landmark and point of interest located in Kurnool District, India."
Hathi Saav Ka Mahal,Tikamgarh District,Tikamgarh District,India,Palace,"Notable tourist landmark and point of interest located in Tikamgarh District, India.",4.6,25,2.0,20.5937,78.9629,"Hathi Saav Ka Mahal in Tikamgarh District, India. Palace. Notable tourist landmark and point of interest located in Tikamgarh District, India."
Jujhar Singh'S Mahal,Tikamgarh District,Tikamgarh District,India,Palace,"Notable tourist landmark and point of interest located in Tikamgarh District, India.",4.4,25,2.0,20.5937,78.9629,"Jujhar Singh'S Mahal in Tikamgarh District, India. Palace. Notable tourist landmark and point of interest located in Tikamgarh District, India."
Palki Mahal,Tikamgarh District,Tikamgarh District,India,Palace,"Notable tourist landmark and point of interest located in Tikamgarh District, India.",4.3,25,2.0,20.5937,78.9629,"Palki Mahal in Tikamgarh District, India. Palace. Notable tourist landmark and point of interest located in Tikamgarh District, India."
Sundarshah'S Mahal,Tikamgarh District,Tikamgarh District,India,Palace,"Notable tourist landmark and point of interest located in Tikamgarh District, India.",4.4,25,2.0,20.5937,78.9629,"Sundarshah'S Mahal in Tikamgarh District, India. Palace. Notable tourist landmark and point of interest located in Tikamgarh District, India."
Supari Saav Ka Mahal,Tikamgarh District,Tikamgarh District,India,Palace,"Notable tourist landmark and point of interest located in Tikamgarh District, India.",4.3,25,2.0,20.5937,78.9629,"Supari Saav Ka Mahal in Tikamgarh District, India. Palace. Notable tourist landmark and point of interest located in Tikamgarh District, India."
Govindgarh Palace,India,India,Madhya Pradesh,Palace,"palace in Govindgarh, Madhya Pradesh",4.3,50,2.5,24.3711,81.294,"Govindgarh Palace in India, Madhya Pradesh. Palace. palace in Govindgarh, Madhya Pradesh"
Gujari Mahal,Gwalior,Gwalior,Madhya Pradesh,Palace,"palace in Gwalior Fort, Madhya Pradesh, India",4.4,25,2.0,26.2342,78.1706,"Gujari Mahal in Gwalior, Madhya Pradesh. Palace. palace in Gwalior Fort, Madhya Pradesh, India"
Cherki Mahal,Kabirdham District,Kabirdham District,India,Palace,"Notable tourist landmark and point of interest located in Kabirdham District, India.",4.3,25,2.0,20.5937,78.9629,"Cherki Mahal in Kabirdham District, India. Palace. Notable tourist landmark and point of interest located in Kabirdham District, India."
Mandava Mahal,Kabirdham District,Kabirdham District,India,Palace,"Notable tourist landmark and point of interest located in Kabirdham District, India.",4.8,25,2.0,20.5937,78.9629,"Mandava Mahal in Kabirdham District, India. Palace. Notable tourist landmark and point of interest located in Kabirdham District, India."
Ramatheertha Palace,Bagalkot,Bagalkot,Karnataka,Palace,"Notable tourist landmark and point of interest located in Bagalkot, Karnataka.",4.7,50,2.5,20.5937,78.9629,"Ramatheertha Palace in Bagalkot, Karnataka. Palace. Notable tourist landmark and point of interest located in Bagalkot, Karnataka."
Rani Channamma Palace And The Fort Surroundings,Belagavi District,Belagavi District,India,Palace,"Notable tourist landmark and point of interest located in Belagavi District, India.",4.6,50,2.5,20.5937,78.9629,"Rani Channamma Palace And The Fort Surroundings in Belagavi District, India. Palace. Notable tourist landmark and point of interest located in Belagavi District, India."
Suralu Palace,Udupi,Udupi,Karnataka,Palace,"Notable tourist landmark and point of interest located in Udupi, Karnataka.",4.9,50,2.5,20.5937,78.9629,"Suralu Palace in Udupi, Karnataka. Palace. Notable tourist landmark and point of interest located in Udupi, Karnataka."
Alwar City Palace,Alwar,Alwar,Rajasthan,Palace,"palace in Alwar, Rajasthan, India",4.7,50,2.5,27.5697,76.5942,"Alwar City Palace in Alwar, Rajasthan. Palace. palace in Alwar, Rajasthan, India"
Great Tank,Ahmedabad District,Ahmedabad District,India,Palace,"monuments in Sarkhej Roza, Ahmedabad, India",4.9,25,2.0,22.9917,72.5044,"Great Tank in Ahmedabad District, India. Palace. monuments in Sarkhej Roza, Ahmedabad, India"
Chappan Mahal,Dhar,Dhar,India,Palace,"Notable tourist landmark and point of interest located in Dhar, India.",4.7,25,2.0,22.3428,75.3978,"Chappan Mahal in Dhar, India. Palace. Notable tourist landmark and point of interest located in Dhar, India."
Kharbuja Mahal,Dhar,Dhar,India,Palace,"Notable tourist landmark and point of interest located in Dhar, India.",4.3,25,2.0,22.6022,75.3031,"Kharbuja Mahal in Dhar, India. Palace. Notable tourist landmark and point of interest located in Dhar, India."
Rajmahal Of Devagarh,Agar,Agar,India,Palace,"Notable tourist landmark and point of interest located in Agar, India.",4.9,25,2.0,25.5289,73.9083,"Rajmahal Of Devagarh in Agar, India. Palace. Notable tourist landmark and point of interest located in Agar, India."
Narnala Fort: X. Ambar Mahal,Akola,Akola,Maharashtra,Palace,palace in Narnala Fort,4.9,50,2.5,21.2352,77.0238,"Narnala Fort: X. Ambar Mahal in Akola, Maharashtra. Palace. palace in Narnala Fort"
Ancient Palace Of Bada Gujar,Alwar District,Alwar District,India,Palace,"Notable tourist landmark and point of interest located in Alwar District, India.",4.5,50,2.5,20.5937,78.9629,"Ancient Palace Of Bada Gujar in Alwar District, India. Palace. Notable tourist landmark and point of interest located in Alwar District, India."
Saidabad Rajbari,Bari,Bari,India,Palace,"Notable tourist landmark and point of interest located in Bari, India.",4.6,25,2.0,24.1225,88.2488,"Saidabad Rajbari in Bari, India. Palace. Notable tourist landmark and point of interest located in Bari, India."
Vikram Mahal,Gwalior,Gwalior,Madhya Pradesh,Palace,"palace in Madhya Pradesh, India",4.4,25,2.0,26.2316,78.1695,"Vikram Mahal in Gwalior, Madhya Pradesh. Palace. palace in Madhya Pradesh, India"
Nabha House,Nabha,Nabha,India,Palace,building in India,4.4,25,2.0,29.9667,76.8344,"Nabha House in Nabha, India. Palace. building in India"
Posta Rajbari,Bari,Bari,West Bengal,Palace,palace in India,4.7,25,2.0,20.5937,78.9629,"Posta Rajbari in Bari, West Bengal. Palace. palace in India"
Lotus Mahal Pavilion,Hampi,Hampi,Karnataka,Palace,"important secular structure in Hampi, India",4.9,25,2.0,15.3205,76.4714,"Lotus Mahal Pavilion in Hampi, Karnataka. Palace. important secular structure in Hampi, India"
Palace And Vatika (Garden),Bharatpur District,Bharatpur District,India,Palace,"Notable tourist landmark and point of interest located in Bharatpur District, India.",4.8,50,2.5,27.0181,77.1714,"Palace And Vatika (Garden) in Bharatpur District, India. Palace. Notable tourist landmark and point of interest located in Bharatpur District, India."
Kanadukathan Palace,India,India,Tamil Nadu,Palace,"palace in Kanadukathan, Tamil Nadu, India",4.9,50,2.5,20.5937,78.9629,"Kanadukathan Palace in India, Tamil Nadu. Palace. palace in Kanadukathan, Tamil Nadu, India"
Attangudi Palace,Attangudi,Attangudi,India,Palace,palace in India,4.6,50,2.5,20.5937,78.9629,"Attangudi Palace in Attangudi, India. Palace. palace in India"
Kos Minar-Norangabad,Amritsar District,Amritsar District,Punjab,Palace,"Notable tourist landmark and point of interest located in Amritsar District, Punjab.",4.7,25,2.0,20.5937,78.9629,"Kos Minar-Norangabad in Amritsar District, Punjab. Palace. Notable tourist landmark and point of interest located in Amritsar District, Punjab."
Kos Minar,Amritsar District,Amritsar District,Punjab,Palace,"Notable tourist landmark and point of interest located in Amritsar District, Punjab.",4.6,25,2.0,20.5937,78.9629,"Kos Minar in Amritsar District, Punjab. Palace. Notable tourist landmark and point of interest located in Amritsar District, Punjab."
Kuttalam Palace,Tenkasi District,Tenkasi District,Tamil Nadu,Palace,travancore palace in Tamil Nadu,4.7,50,2.5,20.5937,78.9629,"Kuttalam Palace in Tenkasi District, Tamil Nadu. Palace. travancore palace in Tamil Nadu"
Asharfi Mahal,Dhar,Dhar,Madhya Pradesh,Palace,"building in Madhya Pradesh, India",4.7,25,2.0,22.3483,75.3987,"Asharfi Mahal in Dhar, Madhya Pradesh. Palace. building in Madhya Pradesh, India"
Meera Mahal Merta,Nagaur District,Nagaur District,India,Palace,"Notable tourist landmark and point of interest located in Nagaur District, India.",4.9,25,2.0,26.655,74.0408,"Meera Mahal Merta in Nagaur District, India. Palace. Notable tourist landmark and point of interest located in Nagaur District, India."
Kashipur Rajbari,Kashipur,Kashipur,Uttarakhand,Palace,"Notable tourist landmark and point of interest located in Kashipur, Uttarakhand.",4.8,25,2.0,23.4355,86.6645,"Kashipur Rajbari in Kashipur, Uttarakhand. Palace. Notable tourist landmark and point of interest located in Kashipur, Uttarakhand."
Madan Vilas Palace Jhalrapatan,Patan,Patan,Gujarat,Palace,"Notable tourist landmark and point of interest located in Patan, Gujarat.",4.5,50,2.5,24.5383,76.1675,"Madan Vilas Palace Jhalrapatan in Patan, Gujarat. Palace. Notable tourist landmark and point of interest located in Patan, Gujarat."
Kottayil Kovilakam,Ernakulam District,Ernakulam District,India,Palace,"Notable tourist landmark and point of interest located in Ernakulam District, India.",4.5,25,2.0,10.1679,76.2501,"Kottayil Kovilakam in Ernakulam District, India. Palace. Notable tourist landmark and point of interest located in Ernakulam District, India."
Koriya Palace,Koriya District,Koriya District,India,Palace,"Notable tourist landmark and point of interest located in Koriya District, India.",4.6,50,2.5,20.5937,78.9629,"Koriya Palace in Koriya District, India. Palace. Notable tourist landmark and point of interest located in Koriya District, India."
Sukh Mahal,Bundi,Bundi,Rajasthan,Palace,"palace in Bundi, Rajasthan, India",4.7,25,2.0,25.4528,75.6419,"Sukh Mahal in Bundi, Rajasthan. Palace. palace in Bundi, Rajasthan, India"
Ranjit Vilas Palace,Ratlam,Ratlam,Madhya Pradesh,Palace,"palace in Ratlam, Madhya Pradesh, India",4.4,50,2.5,23.3242,75.0411,"Ranjit Vilas Palace in Ratlam, Madhya Pradesh. Palace. palace in Ratlam, Madhya Pradesh, India"
Rana Kumbha Palace,Chittorgarh,Chittorgarh,India,Palace,"palace in Chittaurgarh, India",4.6,50,2.5,20.5937,78.9629,"Rana Kumbha Palace in Chittorgarh, India. Palace. palace in Chittaurgarh, India"
Manipur Rajbari,Bari,Bari,India,Palace,Heritage site of Nabadwip,4.7,25,2.0,23.3976,88.364,"Manipur Rajbari in Bari, India. Palace. Heritage site of Nabadwip"
Jodh Bai'S Palace,Agra District,Agra District,Uttar Pradesh,Palace,"Notable tourist landmark and point of interest located in Agra District, Uttar Pradesh.",4.6,50,2.5,27.0964,77.6649,"Jodh Bai'S Palace in Agra District, Uttar Pradesh. Palace. Notable tourist landmark and point of interest located in Agra District, Uttar Pradesh."
Naldanga Palace,Shimultala,Shimultala,Bihar,Palace,palace in Bihar,4.8,50,2.5,20.5937,78.9629,"Naldanga Palace in Shimultala, Bihar. Palace. palace in Bihar"
Mhal Gulara Palaces And Building On Both Sides Of Utoali River And Two Masonry Dams In The River,Burhanpur,Burhanpur,Madhya Pradesh,Palace,"Notable tourist landmark and point of interest located in Burhanpur, Madhya Pradesh.",4.3,50,2.5,21.3311,76.3456,"Mhal Gulara Palaces And Building On Both Sides Of Utoali River And Two Masonry Dams In The River in Burhanpur, Madhya Pradesh. Palace. Notable tourist landmark and point of interest located in Burhanpur, Madhya Pradesh."
Sukhniwas Palace,Indore,Indore,Madhya Pradesh,Palace,"Notable tourist landmark and point of interest located in Indore, Madhya Pradesh.",4.6,50,2.5,20.5937,78.9629,"Sukhniwas Palace in Indore, Madhya Pradesh. Palace. Notable tourist landmark and point of interest located in Indore, Madhya Pradesh."
Moti Mahal,Mandla District,Mandla District,Madhya Pradesh,Palace,"palace in Mandla, Madhya Pradesh",4.3,25,2.0,22.6145,80.5113,"Moti Mahal in Mandla District, Madhya Pradesh. Palace. palace in Mandla, Madhya Pradesh"
Zanana_Palace_Allahabad_Fort,Prayagraj,Prayagraj,Uttar Pradesh,Palace,"Notable tourist landmark and point of interest located in Prayagraj, Uttar Pradesh.",4.7,50,2.5,25.4294,81.8769,"Zanana_Palace_Allahabad_Fort in Prayagraj, Uttar Pradesh. Palace. Notable tourist landmark and point of interest located in Prayagraj, Uttar Pradesh."
Diwan Devdi,Telangana,Telangana,Telangana,Palace,Palace of former noblemen from Hyderabad the Salar Jungs,4.5,25,2.0,17.3688,78.4765,"Diwan Devdi in Telangana, Telangana. Palace. Palace of former noblemen from Hyderabad the Salar Jungs"
Kalyana Mahal,Viluppuram District,Viluppuram District,India,Palace,"Notable tourist landmark and point of interest located in Viluppuram District, India.",4.9,25,2.0,12.2503,79.4003,"Kalyana Mahal in Viluppuram District, India. Palace. Notable tourist landmark and point of interest located in Viluppuram District, India."
Hetampur Rajbari,Bari,Bari,India,Palace,"Notable tourist landmark and point of interest located in Bari, India.",4.6,25,2.0,23.7809,87.3942,"Hetampur Rajbari in Bari, India. Palace. Notable tourist landmark and point of interest located in Bari, India."
Cossimbazar Palace Of Roys,Berhampore Community Development Block,Berhampore Community Development Block,India,Palace,"Notable tourist landmark and point of interest located in Berhampore Community Development Block, India.",4.4,50,2.5,24.1244,88.2712,"Cossimbazar Palace Of Roys in Berhampore Community Development Block, India. Palace. Notable tourist landmark and point of interest located in Berhampore Community Development Block, India."
Kundu Chaudhury Mansion,Domjur Community Development Block,Domjur Community Development Block,India,Palace,"Notable tourist landmark and point of interest located in Domjur Community Development Block, India.",4.7,25,2.0,20.5937,78.9629,"Kundu Chaudhury Mansion in Domjur Community Development Block, India. Palace. Notable tourist landmark and point of interest located in Domjur Community Development Block, India."
Chilkigarh Rajbari,Bari,Bari,India,Palace,"Notable tourist landmark and point of interest located in Bari, India.",4.3,25,2.0,22.4504,86.8765,"Chilkigarh Rajbari in Bari, India. Palace. Notable tourist landmark and point of interest located in Bari, India."
Water Palace,Dhar,Dhar,India,Palace,"Notable tourist landmark and point of interest located in Dhar, India.",4.5,50,2.5,22.7394,75.4122,"Water Palace in Dhar, India. Palace. Notable tourist landmark and point of interest located in Dhar, India."
Islampur Zamindar Bari,Bari,Bari,India,Palace,"Notable tourist landmark and point of interest located in Bari, India.",4.8,25,2.0,20.5937,78.9629,"Islampur Zamindar Bari in Bari, India. Palace. Notable tourist landmark and point of interest located in Bari, India."
Khursheed Jah Devdi Palace,Telangana,Telangana,Telangana,Palace,a European styled palace built by Paigah nobles in Hyderabad,4.8,50,2.5,17.3581,78.4664,"Khursheed Jah Devdi Palace in Telangana, Telangana. Palace. a European styled palace built by Paigah nobles in Hyderabad"
Bahin Zamindar Bari,Bari,Bari,India,Palace,"Notable tourist landmark and point of interest located in Bari, India.",4.4,25,2.0,25.6257,88.0379,"Bahin Zamindar Bari in Bari, India. Palace. Notable tourist landmark and point of interest located in Bari, India."
Bari Kothi,Bari,Bari,India,Palace,"Notable tourist landmark and point of interest located in Bari, India.",4.8,25,2.0,24.2415,88.2535,"Bari Kothi in Bari, India. Palace. Notable tourist landmark and point of interest located in Bari, India."
Karandighi Nil Kuthi,Karandighi Community Development Block,Karandighi Community Development Block,India,Palace,"Notable tourist landmark and point of interest located in Karandighi Community Development Block, India.",4.8,25,2.0,20.5937,78.9629,"Karandighi Nil Kuthi in Karandighi Community Development Block, India. Palace. Notable tourist landmark and point of interest located in Karandighi Community Development Block, India."
Prachin Mahal Sursagar,Jodhpur,Jodhpur,Rajasthan,Palace,"Notable tourist landmark and point of interest located in Jodhpur, Rajasthan.",4.6,25,2.0,26.3117,73.0097,"Prachin Mahal Sursagar in Jodhpur, Rajasthan. Palace. Notable tourist landmark and point of interest located in Jodhpur, Rajasthan."
Bawali Rajbari,Bari,Bari,India,Palace,"Notable tourist landmark and point of interest located in Bari, India.",4.8,25,2.0,20.5937,78.9629,"Bawali Rajbari in Bari, India. Palace. Notable tourist landmark and point of interest located in Bari, India."
Residence Of Mukhopadhyay Zamindar Family,Gobardanga,Gobardanga,India,Palace,"Notable tourist landmark and point of interest located in Gobardanga, India.",4.3,25,2.0,22.8738,88.7495,"Residence Of Mukhopadhyay Zamindar Family in Gobardanga, India. Palace. Notable tourist landmark and point of interest located in Gobardanga, India."
The Palace Situated In The Fort,Burhanpur,Burhanpur,Madhya Pradesh,Palace,"Notable tourist landmark and point of interest located in Burhanpur, Madhya Pradesh.",4.5,50,2.5,21.3078,76.2369,"The Palace Situated In The Fort in Burhanpur, Madhya Pradesh. Palace. Notable tourist landmark and point of interest located in Burhanpur, Madhya Pradesh."
Victor Palace,Cooch Behar,Cooch Behar,India,Palace,"Notable tourist landmark and point of interest located in Cooch Behar, India.",4.6,50,2.5,26.3217,89.4386,"Victor Palace in Cooch Behar, India. Palace. Notable tourist landmark and point of interest located in Cooch Behar, India."
Ra'Khengar Palace,Junagadh,Junagadh,Gujarat,Palace,"Notable tourist landmark and point of interest located in Junagadh, Gujarat.",4.8,50,2.5,21.5269,70.5233,"Ra'Khengar Palace in Junagadh, Gujarat. Palace. Notable tourist landmark and point of interest located in Junagadh, Gujarat."
Juna Mahal,Dungarpur,Dungarpur,Rajasthan,Palace,"palace in Dungarpur, Rajasthan, India",4.6,25,2.0,23.8283,73.716,"Juna Mahal in Dungarpur, Rajasthan. Palace. palace in Dungarpur, Rajasthan, India"
Mahishadal Rajbari,Bari,Bari,India,Palace,"Notable tourist landmark and point of interest located in Bari, India.",4.6,25,2.0,20.5937,78.9629,"Mahishadal Rajbari in Bari, India. Palace. Notable tourist landmark and point of interest located in Bari, India."
Ichalkaranji Palace,Ichalkaranji,Ichalkaranji,Maharashtra,Palace,"Notable tourist landmark and point of interest located in Ichalkaranji, Maharashtra.",4.8,50,2.5,16.6814,74.4568,"Ichalkaranji Palace in Ichalkaranji, Maharashtra. Palace. Notable tourist landmark and point of interest located in Ichalkaranji, Maharashtra."
Automobiles In The Chowmahalla Palace,Hyderabad,Hyderabad,Andhra Pradesh,Palace,Chowmahalla Palace,4.6,50,2.5,20.5937,78.9629,"Automobiles In The Chowmahalla Palace in Hyderabad, Andhra Pradesh. Palace. Chowmahalla Palace"
Kaiserbagh Palace,Lucknow,Lucknow,Uttar Pradesh,Palace,"palace in Lucknow, India",4.5,50,2.5,20.5937,78.9629,"Kaiserbagh Palace in Lucknow, Uttar Pradesh. Palace. palace in Lucknow, India"
Irrum Manzil,Telangana,Telangana,Telangana,Palace,Heritage building in Hyderabad,4.3,25,2.0,17.4194,78.455,"Irrum Manzil in Telangana, Telangana. Palace. Heritage building in Hyderabad"
Exhibits In The Chowmahalla Palace,Hyderabad,Hyderabad,Andhra Pradesh,Palace,Chowmahalla Palace,4.9,50,2.5,20.5937,78.9629,"Exhibits In The Chowmahalla Palace in Hyderabad, Andhra Pradesh. Palace. Chowmahalla Palace"
Furniture In The Chowmahalla Palace,Hyderabad,Hyderabad,Andhra Pradesh,Palace,Chowmahalla Palace,4.7,50,2.5,20.5937,78.9629,"Furniture In The Chowmahalla Palace in Hyderabad, Andhra Pradesh. Palace. Chowmahalla Palace"
Historical Vehicles In The Chowmahalla Palace,Hyderabad,Hyderabad,Andhra Pradesh,Palace,Chowmahalla Palace,4.9,50,2.5,20.5937,78.9629,"Historical Vehicles In The Chowmahalla Palace in Hyderabad, Andhra Pradesh. Palace. Chowmahalla Palace"
Rahatgarh Fort: Moti Mahal,Sagar,Sagar,Madhya Pradesh,Palace,"Notable tourist landmark and point of interest located in Sagar, Madhya Pradesh.",4.8,50,2.5,23.7811,78.3936,"Rahatgarh Fort: Moti Mahal in Sagar, Madhya Pradesh. Palace. Notable tourist landmark and point of interest located in Sagar, Madhya Pradesh."
Khilwat Mubarak,Hyderabad,Hyderabad,Andhra Pradesh,Palace,Chowmahalla Palace,4.4,25,2.0,20.5937,78.9629,"Khilwat Mubarak in Hyderabad, Andhra Pradesh. Palace. Chowmahalla Palace"
Chowmahalla Palace Armoury,Hyderabad,Hyderabad,Andhra Pradesh,Palace,Armoury,4.4,50,2.5,20.5937,78.9629,"Chowmahalla Palace Armoury in Hyderabad, Andhra Pradesh. Palace. Armoury"
Sawantwadi Palace,Sindhudurg District,Sindhudurg District,India,Palace,"palace in Sawantwadi, India",4.5,50,2.5,15.9067,73.8248,"Sawantwadi Palace in Sindhudurg District, India. Palace. palace in Sawantwadi, India"
Jodha Bai Mahal,Fatehpur Sikri,Fatehpur Sikri,India,Palace,"residential palace in Fatehpur Sikri, India",4.4,25,2.0,27.0965,77.6648,"Jodha Bai Mahal in Fatehpur Sikri, India. Palace. residential palace in Fatehpur Sikri, India"
Rangibasan Palace,Mahishadal Community Development Block,Mahishadal Community Development Block,India,Palace,"Notable tourist landmark and point of interest located in Mahishadal Community Development Block, India.",4.7,50,2.5,20.5937,78.9629,"Rangibasan Palace in Mahishadal Community Development Block, India. Palace. Notable tourist landmark and point of interest located in Mahishadal Community Development Block, India."
Raipur Rajbari,Raipur,Raipur,Chhattisgarh,Palace,"Old palace of Raipur village, Birbhum",4.4,25,2.0,23.6244,87.6605,"Raipur Rajbari in Raipur, Chhattisgarh. Palace. Old palace of Raipur village, Birbhum"
Nur Chashma Ajmer,Chas,Chas,Jharkhand,Palace,"Notable tourist landmark and point of interest located in Chas, Jharkhand.",4.8,25,2.0,26.435,74.6117,"Nur Chashma Ajmer in Chas, Jharkhand. Palace. Notable tourist landmark and point of interest located in Chas, Jharkhand."
Rajmahal,Mehsana Taluka,Mehsana Taluka,Gujarat,Palace,"palace in Mehsana, Gujarat, India",4.5,25,2.0,23.6081,72.3934,"Rajmahal in Mehsana Taluka, Gujarat. Palace. palace in Mehsana, Gujarat, India"
Man Singh Palace,Gwalior,Gwalior,Madhya Pradesh,Palace,"palace in Gwalior, India",4.3,50,2.5,26.2301,78.1691,"Man Singh Palace in Gwalior, Madhya Pradesh. Palace. palace in Gwalior, India"
Zanana Mahal Mandore,Jodhpur,Jodhpur,Rajasthan,Palace,"Notable tourist landmark and point of interest located in Jodhpur, Rajasthan.",4.6,25,2.0,26.3531,73.0328,"Zanana Mahal Mandore in Jodhpur, Rajasthan. Palace. Notable tourist landmark and point of interest located in Jodhpur, Rajasthan."
Bansberia Rajbari,Bari,Bari,India,Palace,"Notable tourist landmark and point of interest located in Bari, India.",4.5,25,2.0,20.5937,78.9629,"Bansberia Rajbari in Bari, India. Palace. Notable tourist landmark and point of interest located in Bari, India."
Ghosh Chowdhury Zamindar House,Tehatta Ii Community Development Block,Tehatta Ii Community Development Block,India,Palace,"Notable tourist landmark and point of interest located in Tehatta Ii Community Development Block, India.",4.3,25,2.0,23.7223,88.4236,"Ghosh Chowdhury Zamindar House in Tehatta Ii Community Development Block, India. Palace. Notable tourist landmark and point of interest located in Tehatta Ii Community Development Block, India."
Udai Bilas Palace,Dungarpur,Dungarpur,Rajasthan,Palace,"palace in Dungarpur, Rajasthan, India",4.5,50,2.5,23.8376,73.7224,"Udai Bilas Palace in Dungarpur, Rajasthan. Palace. palace in Dungarpur, Rajasthan, India"
Militaria In The Chowmahalla Palace,Hyderabad,Hyderabad,Andhra Pradesh,Palace,Chowmahalla Palace,4.6,50,2.5,20.5937,78.9629,"Militaria In The Chowmahalla Palace in Hyderabad, Andhra Pradesh. Palace. Chowmahalla Palace"
Paintings And Photographs In The Chowmahalla Palace,Hyderabad,Hyderabad,Andhra Pradesh,Palace,Chowmahalla Palace,4.6,50,2.5,20.5937,78.9629,"Paintings And Photographs In The Chowmahalla Palace in Hyderabad, Andhra Pradesh. Palace. Chowmahalla Palace"
Nimtita Rajbari,Bari,Bari,India,Palace,"Notable tourist landmark and point of interest located in Bari, India.",4.7,25,2.0,20.5937,78.9629,"Nimtita Rajbari in Bari, India. Palace. Notable tourist landmark and point of interest located in Bari, India."
Textiles In The Chowmahalla Palace,Hyderabad,Hyderabad,Andhra Pradesh,Palace,Chowmahalla Palace,4.3,50,2.5,20.5937,78.9629,"Textiles In The Chowmahalla Palace in Hyderabad, Andhra Pradesh. Palace. Chowmahalla Palace"
Ruined Palace,Sagar,Sagar,Madhya Pradesh,Palace,"Notable tourist landmark and point of interest located in Sagar, Madhya Pradesh.",4.8,50,2.5,23.7778,78.3942,"Ruined Palace in Sagar, Madhya Pradesh. Palace. Notable tourist landmark and point of interest located in Sagar, Madhya Pradesh."
Cuddalore Government Museum,Cuddalore,Cuddalore,Tamil Nadu,Museum,museum in India,4.7,25,2.0,11.7554,79.7651,"Cuddalore Government Museum in Cuddalore, Tamil Nadu. Museum. museum in India"
Sanskar Kendra,Ahmedabad,Ahmedabad,India,Museum,"museum and architectural site at Ahmedabad, India",4.5,25,2.0,23.0131,72.5694,"Sanskar Kendra in Ahmedabad, India. Museum. museum and architectural site at Ahmedabad, India"
Palace Of The Bundelas,Madhya Pradesh,Madhya Pradesh,Madhya Pradesh,Palace,building in India,4.4,50,2.5,20.5937,78.9629,"Palace Of The Bundelas in Madhya Pradesh, Madhya Pradesh. Palace. building in India"
Goa State Museum,Goa,Goa,Goa,Museum,"museum in Goa, India",4.4,25,2.0,15.4959,73.8336,"Goa State Museum in Goa, Goa. Museum. museum in Goa, India"
Asiatic Society Of Mumbai,Mumbai,Mumbai,Maharashtra,Museum,"town hall in Fort, Mumbai.",4.5,25,2.0,18.9322,72.8362,"Asiatic Society Of Mumbai in Mumbai, Maharashtra. Museum. town hall in Fort, Mumbai."
Mahu Mahal,Jhalawar District,Jhalawar District,India,Palace,"Notable tourist landmark and point of interest located in Jhalawar District, India.",4.8,25,2.0,24.5625,76.3364,"Mahu Mahal in Jhalawar District, India. Palace. Notable tourist landmark and point of interest located in Jhalawar District, India."
Sabarmati Ashram,Ahmedabad,Ahmedabad,India,Museum,residence of Mahatma Gandhi (1917–1930),4.8,25,2.0,23.06,72.5808,"Sabarmati Ashram in Ahmedabad, India. Museum. residence of Mahatma Gandhi (1917–1930)"
Allahabad Museum,Prayagraj,Prayagraj,Uttar Pradesh,Museum,"national museum in Prayagraj, India",4.5,25,2.0,25.4551,81.8462,"Allahabad Museum in Prayagraj, Uttar Pradesh. Museum. national museum in Prayagraj, India"
Prime Ministers Museum & Library,New Delhi,New Delhi,Delhi,Museum,museum & library,4.6,25,2.0,28.6026,77.1988,"Prime Ministers Museum & Library in New Delhi, Delhi. Museum. museum & library"
Birla Science Museum,Hyderabad,Hyderabad,Andhra Pradesh,Museum,an Indian science museum,4.6,25,2.0,17.4033,78.4706,"Birla Science Museum in Hyderabad, Andhra Pradesh. Museum. an Indian science museum"
Eternal Gandhi Multimedia Museum,India,India,India,Museum,museum in India,4.8,25,2.0,28.6017,77.2141,"Eternal Gandhi Multimedia Museum in India, India. Museum. museum in India"
Mani Bhavan,Mumbai,Mumbai,Maharashtra,Museum,"museum in Mumbai, India",4.7,25,2.0,18.9599,72.8114,"Mani Bhavan in Mumbai, Maharashtra. Museum. museum in Mumbai, India"
Dr. Bhau Daji Lad Museum,Mumbai,Mumbai,Maharashtra,Museum,"museum in Mumbai, India",4.3,25,2.0,18.9795,72.8348,"Dr. Bhau Daji Lad Museum in Mumbai, Maharashtra. Museum. museum in Mumbai, India"
Tibet Museum,Dharamshala,Dharamshala,Himachal Pradesh,Museum,"museum in Himachal Pradesh, India",4.8,25,2.0,32.2326,76.3249,"Tibet Museum in Dharamshala, Himachal Pradesh. Museum. museum in Himachal Pradesh, India"
Vivekanandar Illam,Anand,Anand,Gujarat,Museum,museum in South India,4.9,25,2.0,13.0492,80.2803,"Vivekanandar Illam in Anand, Gujarat. Museum. museum in South India"
Mahatma Gandhi Museum,Rajkot,Rajkot,Gujarat,Museum,"Rajkot, Gujarat, India",4.9,25,2.0,22.2985,70.8021,"Mahatma Gandhi Museum in Rajkot, Gujarat. Museum. Rajkot, Gujarat, India"
City Museum,Purani Haveli,Purani Haveli,India,Museum,"museum in Hyderabad, India",4.8,25,2.0,20.5937,78.9629,"City Museum in Purani Haveli, India. Museum. museum in Hyderabad, India"
Palace Of Tughluqabad,Delhi,Delhi,Delhi,Palace,building in India,4.9,50,2.5,20.5937,78.9629,"Palace Of Tughluqabad in Delhi, Delhi. Palace. building in India"
Palace Of Firuzabad,Delhi,Delhi,Delhi,Palace,building in India,4.4,50,2.5,20.5937,78.9629,"Palace Of Firuzabad in Delhi, Delhi. Palace. building in India"
Sir Cowasji Jehangir Public Hall,Mumbai,Mumbai,Maharashtra,Museum,"public hall in Mumbai, India",4.8,25,2.0,18.9259,72.8313,"Sir Cowasji Jehangir Public Hall in Mumbai, Maharashtra. Museum. public hall in Mumbai, India"
Teen Murti Bhavan,New Delhi District,New Delhi District,Delhi,Museum,"former residence of the first Prime Minister of India, Jawaharlal Nehru, in New Delhi",4.4,25,2.0,28.6026,77.1988,"Teen Murti Bhavan in New Delhi District, Delhi. Museum. former residence of the first Prime Minister of India, Jawaharlal Nehru, in New Delhi"
Hansarani Mahal Lohagarh Fort,Agar,Agar,India,Palace,"Notable tourist landmark and point of interest located in Agar, India.",4.5,50,2.5,20.5937,78.9629,"Hansarani Mahal Lohagarh Fort in Agar, India. Palace. Notable tourist landmark and point of interest located in Agar, India."
Gandhi Smriti,New Delhi District,New Delhi District,Delhi,Museum,"museum and death place of Mahatma Gandhi, in New Delhi, India",4.7,25,2.0,28.6019,77.2144,"Gandhi Smriti in New Delhi District, Delhi. Museum. museum and death place of Mahatma Gandhi, in New Delhi, India"
Bharat Bhavan,Bhopal,Bhopal,Madhya Pradesh,Museum,"autonomous multi-arts complex and museum in Bhopal, India",4.7,25,2.0,23.247,77.3923,"Bharat Bhavan in Bhopal, Madhya Pradesh. Museum. autonomous multi-arts complex and museum in Bhopal, India"
Government Museum,Bengaluru,Bengaluru,Karnataka,Museum,"museum in Bengaluru, India",4.4,25,2.0,12.9747,77.5958,"Government Museum in Bengaluru, Karnataka. Museum. museum in Bengaluru, India"
Victoria Memorial,"Ward No. 63, Kolkata Municipal Corporation","Ward No. 63, Kolkata Municipal Corporation",West Bengal,Museum,memorial dedicated to the memory of Queen Victoria in Kolkata,4.9,25,2.0,22.5449,88.3425,"Victoria Memorial in Ward No. 63, Kolkata Municipal Corporation, West Bengal. Museum. memorial dedicated to the memory of Queen Victoria in Kolkata"
Palaces Of Nizam Rulers,Hyderabad,Hyderabad,Andhra Pradesh,Palace,buildings in India,4.3,50,2.5,20.5937,78.9629,"Palaces Of Nizam Rulers in Hyderabad, Andhra Pradesh. Palace. buildings in India"
Gandhi Smarak Sangrahalaya,Gujarat,Gujarat,Gujarat,Museum,Museum in India,4.3,25,2.0,20.5937,78.9629,"Gandhi Smarak Sangrahalaya in Gujarat, Gujarat. Museum. Museum in India"
Calico Museum Of Textiles,India,India,Gujarat,Museum,"museum of textiles at Ahmedabad, Gujarat, India",4.5,25,2.0,23.0533,72.5922,"Calico Museum Of Textiles in India, Gujarat. Museum. museum of textiles at Ahmedabad, Gujarat, India"
Anna Science Centre,Tiruchirappalli,Tiruchirappalli,Tamil Nadu,Museum,museum in India,4.3,25,2.0,10.7689,78.7031,"Anna Science Centre in Tiruchirappalli, Tamil Nadu. Museum. museum in India"
Assam State Museum,Guwahati,Guwahati,Assam,Museum,"museum in Assam, India",4.8,25,2.0,26.1853,91.7519,"Assam State Museum in Guwahati, Assam. Museum. museum in Assam, India"
Chhatrapati Shivaji Maharaj Vastu Sangrahalaya,Mumbai,Mumbai,Maharashtra,Museum,"museum in Mumbai, India",4.7,25,2.0,18.9267,72.8322,"Chhatrapati Shivaji Maharaj Vastu Sangrahalaya in Mumbai, Maharashtra. Museum. museum in Mumbai, India"
Sardar Vallabhbhai Patel National Memorial,Sardar Vallabhbhai Patel National Memorial,Sardar Vallabhbhai Patel National Memorial,India,Museum,museum in India,4.7,25,2.0,23.0598,72.5911,"Sardar Vallabhbhai Patel National Memorial in Sardar Vallabhbhai Patel National Memorial, India. Museum. museum in India"
Maharaja Fateh Singh Museum,Vadodara,Vadodara,Gujarat,Museum,museum in India,4.7,25,2.0,22.2921,73.1938,"Maharaja Fateh Singh Museum in Vadodara, Gujarat. Museum. museum in India"
Fateh Burj,Mohali,Mohali,India,Museum,museum in India,4.6,25,2.0,30.7031,76.667,"Fateh Burj in Mohali, India. Museum. museum in India"
Saraswathi Mahal Library,India,India,Tamil Nadu,Museum,"library in Thanjavur (Tanjore), Tamil Nadu, India",4.4,25,2.0,10.7914,79.1361,"Saraswathi Mahal Library in India, Tamil Nadu. Museum. library in Thanjavur (Tanjore), Tamil Nadu, India"
Arakkal Museum,Kerala,Kerala,Kerala,Museum,"Museum in Kannur district, Keralam, India",4.3,25,2.0,11.8594,75.3784,"Arakkal Museum in Kerala, Kerala. Museum. Museum in Kannur district, Keralam, India"
Siddhagiri Gramjivan Museum,Kolhapur,Kolhapur,Maharashtra,Museum,"a sculpture museum at Kaneri, Kolhapur district, Maharashtra",4.8,25,2.0,20.5937,78.9629,"Siddhagiri Gramjivan Museum in Kolhapur, Maharashtra. Museum. a sculpture museum at Kaneri, Kolhapur district, Maharashtra"
Albert Hall Museum,Jaipur,Jaipur,Rajasthan,Museum,"museum in Jaipur, Rajasthan, India",4.5,25,2.0,26.9118,75.8195,"Albert Hall Museum in Jaipur, Rajasthan. Museum. museum in Jaipur, Rajasthan, India"
Birla Planetarium,Kotturpuram,Kotturpuram,India,Museum,"planetarium museum in Chennai, India.",4.9,25,2.0,13.012,80.2437,"Birla Planetarium in Kotturpuram, India. Museum. planetarium museum in Chennai, India."
Bharat Itihas Sanshodhak Mandal,Pune,Pune,Maharashtra,Museum,Indian institution,4.8,25,2.0,18.511,73.85,"Bharat Itihas Sanshodhak Mandal in Pune, Maharashtra. Museum. Indian institution"
Gandhi Memorial Museum,Madurai,Madurai,Tamil Nadu,Museum,memorial museum for Gandhi located in Madurai,4.7,25,2.0,9.9299,78.1386,"Gandhi Memorial Museum in Madurai, Tamil Nadu. Museum. memorial museum for Gandhi located in Madurai"
Asutosh Museum Of Indian Art,"Ward No. 44, Kolkata Municipal Corporation","Ward No. 44, Kolkata Municipal Corporation",West Bengal,Museum,an art museum of University of Calcutta,4.5,25,2.0,22.5698,88.3609,"Asutosh Museum Of Indian Art in Ward No. 44, Kolkata Municipal Corporation, West Bengal. Museum. an art museum of University of Calcutta"
Darshan Museum,Pune,Pune,Maharashtra,Museum,"museum dedicated to the noted Saint and scholar, Sadhu Vaswani in Pune, Maharashtra",4.6,25,2.0,18.5241,73.8759,"Darshan Museum in Pune, Maharashtra. Museum. museum dedicated to the noted Saint and scholar, Sadhu Vaswani in Pune, Maharashtra"
Raja Dinkar Kelkar Museum,Pune,Pune,Maharashtra,Museum,"museum in Pune, India",4.5,25,2.0,18.5108,73.8544,"Raja Dinkar Kelkar Museum in Pune, Maharashtra. Museum. museum in Pune, India"
Darbhanga Planetarium,Darbhanga,Darbhanga,Bihar,Museum,"planetarium-cum-science Museum in Bihar, India",4.8,25,2.0,26.1717,85.8944,"Darbhanga Planetarium in Darbhanga, Bihar. Museum. planetarium-cum-science Museum in Bihar, India"
Patna Museum,Patna,Patna,Bihar,Museum,museum,4.4,25,2.0,25.6111,85.1439,"Patna Museum in Patna, Bihar. Museum. museum"
Teak Museum,Kerala,Kerala,Kerala,Museum,"Museum in Malappuram district, Keralam, India",4.3,25,2.0,11.3001,76.2504,"Teak Museum in Kerala, Kerala. Museum. Museum in Malappuram district, Keralam, India"
Alipore Central Jail,"Ward No. 74, Kolkata Municipal Corporation","Ward No. 74, Kolkata Municipal Corporation",West Bengal,Museum,former jail converted to museum located in Kolkata,4.6,25,2.0,22.5253,88.3399,"Alipore Central Jail in Ward No. 74, Kolkata Municipal Corporation, West Bengal. Museum. former jail converted to museum located in Kolkata"
Pazhassi Raja Archaeological Museum,Kozhikode,Kozhikode,Kerala,Museum,"Museum in Kozhikode district, Keralam, India",4.9,25,2.0,11.2927,75.7782,"Pazhassi Raja Archaeological Museum in Kozhikode, Kerala. Museum. Museum in Kozhikode district, Keralam, India"
Bharatiya Lok Kala Mandal,Udaipur,Udaipur,Rajasthan,Museum,"cultural institution based in Udaipur, Rajasthan",4.9,25,2.0,24.5945,73.6895,"Bharatiya Lok Kala Mandal in Udaipur, Rajasthan. Museum. cultural institution based in Udaipur, Rajasthan"
Oriental Research Institute Mysore,Mysore,Mysore,Karnataka,Museum,"research institute in Mysore, India",4.9,25,2.0,12.3064,76.6401,"Oriental Research Institute Mysore in Mysore, Karnataka. Museum. research institute in Mysore, India"
Kirti Mandir,Porbandar Taluka,Porbandar Taluka,Gujarat,Museum,"house in Porbandar, Gujarat, India",4.3,25,2.0,21.6411,69.6006,"Kirti Mandir in Porbandar Taluka, Gujarat. Museum. house in Porbandar, Gujarat, India"
Properties At Ghat Ki Guni,Jaipur,Jaipur,Rajasthan,Palace,"Notable tourist landmark and point of interest located in Jaipur, Rajasthan.",4.7,0,1.5,26.8989,75.8556,"Properties At Ghat Ki Guni in Jaipur, Rajasthan. Palace. Notable tourist landmark and point of interest located in Jaipur, Rajasthan."
Shankar'S International Dolls Museum,Bahadur Shah Zafar Marg,Bahadur Shah Zafar Marg,India,Museum,India Musuems,4.7,25,2.0,28.6303,77.2417,"Shankar'S International Dolls Museum in Bahadur Shah Zafar Marg, India. Museum. India Musuems"
Rajasthan Arabic And Persian Research Institute,India,India,Rajasthan,Museum,"research institute in Rajasthan, India",4.9,25,2.0,20.5937,78.9629,"Rajasthan Arabic And Persian Research Institute in India, Rajasthan. Museum. research institute in Rajasthan, India"
Vishrambaug Wada,Pune,Pune,Maharashtra,Museum,"former mansion in Pune, Maharashtra",4.5,25,2.0,18.5141,73.8537,"Vishrambaug Wada in Pune, Maharashtra. Museum. former mansion in Pune, Maharashtra"
Regional Science Centre,Bhopal,Bhopal,Madhya Pradesh,Museum,"children's Science museum in Shyamla Hills, Bhopal -",4.4,25,2.0,23.2599,77.4126,"Regional Science Centre in Bhopal, Madhya Pradesh. Museum. children's Science museum in Shyamla Hills, Bhopal -"
Fort Dansborg,Mayiladuthurai District,Mayiladuthurai District,India,Museum,Danish fort in the shores of Bay of Bengal,4.9,50,2.5,11.0246,79.8558,"Fort Dansborg in Mayiladuthurai District, India. Museum. Danish fort in the shores of Bay of Bengal"
Odisha State Museum,Bhubaneswar,Bhubaneswar,India,Museum,museum of human history and culture in India,4.4,25,2.0,20.2562,85.8415,"Odisha State Museum in Bhubaneswar, India. Museum. museum of human history and culture in India"
Maharaja Chhatrasal Museum,India,India,India,Museum,museum in India,4.3,25,2.0,25.0081,79.4798,"Maharaja Chhatrasal Museum in India, India. Museum. museum in India"
Jawaharlal Nehru State Museum,Agar,Agar,Arunachal Pradesh,Museum,"state museum at Itanagar, Arunachal Pradesh, India",4.5,25,2.0,27.102,93.625,"Jawaharlal Nehru State Museum in Agar, Arunachal Pradesh. Museum. state museum at Itanagar, Arunachal Pradesh, India"
Panagal Museum,Panagal,Panagal,India,Museum,museum in India,4.6,25,2.0,17.0803,79.2533,"Panagal Museum in Panagal, India. Museum. museum in India"
Swaraj Bhavan,Prayagraj,Prayagraj,Uttar Pradesh,Museum,"Mansion in Prayagraj, India",4.9,25,2.0,25.4601,81.8606,"Swaraj Bhavan in Prayagraj, Uttar Pradesh. Museum. Mansion in Prayagraj, India"
V K Krishna Menon Museum,Kerala,Kerala,Kerala,Museum,museum in India,4.6,25,2.0,11.2926,75.7781,"V K Krishna Menon Museum in Kerala, Kerala. Museum. museum in India"
Parliament Museum,New Delhi,New Delhi,Delhi,Museum,"museum in New Delhi, India",4.7,25,2.0,28.6187,77.2072,"Parliament Museum in New Delhi, Delhi. Museum. museum in New Delhi, India"
Rabindra Museum,Kalimpong,Kalimpong,West Bengal,Museum,"Tagore museum in Mungpoo, near Kalimpong, West Bengal, India",4.8,25,2.0,26.9744,88.3751,"Rabindra Museum in Kalimpong, West Bengal. Museum. Tagore museum in Mungpoo, near Kalimpong, West Bengal, India"
Science Centre Surat,Surat,Surat,Gujarat,Museum,science and Technology Museum in Surat,4.7,25,2.0,20.5937,78.9629,"Science Centre Surat in Surat, Gujarat. Museum. science and Technology Museum in Surat"
Swami Vivekananda'S Ancestral House & Cultural Centre,Anand,Anand,West Bengal,Museum,"museum and cultural centre in Kolkata, West Bengal",4.3,25,2.0,22.5863,88.3674,"Swami Vivekananda'S Ancestral House & Cultural Centre in Anand, West Bengal. Museum. museum and cultural centre in Kolkata, West Bengal"
Karnataka Chitrakala Parishath College Of Fine Arts,Bengaluru,Bengaluru,Karnataka,Museum,college affiliated to the University of Bangalore,4.9,25,2.0,12.9892,77.5784,"Karnataka Chitrakala Parishath College Of Fine Arts in Bengaluru, Karnataka. Museum. college affiliated to the University of Bangalore"
Kanpur Sangrahalaya,Kanpur,Kanpur,Uttar Pradesh,Museum,"museum in Kanpur, India",4.5,25,2.0,26.4668,80.3622,"Kanpur Sangrahalaya in Kanpur, Uttar Pradesh. Museum. museum in Kanpur, India"
Thanjavur Maratha Palace,Thanjavur District,Thanjavur District,Tamil Nadu,Museum,"Palace in Thanjavur, Tamil Nadu, India",4.5,50,2.5,10.7913,79.1362,"Thanjavur Maratha Palace in Thanjavur District, Tamil Nadu. Museum. Palace in Thanjavur, Tamil Nadu, India"
Sikh Ajaibghar,Punjab,Punjab,Punjab,Museum,"museum in Punjab, India",4.5,25,2.0,30.6734,74.8904,"Sikh Ajaibghar in Punjab, Punjab. Museum. museum in Punjab, India"
Wayanad Heritage Museum,Ambala,Ambala,Kerala,Museum,"Museum in Ambalavayal, Wayanad district, Kerala, India",4.5,25,2.0,11.6193,76.2105,"Wayanad Heritage Museum in Ambala, Kerala. Museum. Museum in Ambalavayal, Wayanad district, Kerala, India"
Mural Art Museum,Thrissur,Thrissur,Kerala,Museum,"museum in Kerala, India",4.3,25,2.0,20.5937,78.9629,"Mural Art Museum in Thrissur, Kerala. Museum. museum in Kerala, India"
Manjusha Museum,Dhar,Dhar,India,Museum,private museum,4.8,25,2.0,12.9511,75.3822,"Manjusha Museum in Dhar, India. Museum. private museum"
Gujarat Science City,India,India,India,Museum,"science centre located in Hebatpur, Ahmedabad",4.9,25,2.0,23.0769,72.4951,"Gujarat Science City in India, India. Museum. science centre located in Hebatpur, Ahmedabad"
Munshi Aziz Bhat Museum Of Central Asian And Kargil Trade Artifacts,Kargil,Kargil,India,Museum,public Museum in Kargil,4.6,25,2.0,34.562,76.123,"Munshi Aziz Bhat Museum Of Central Asian And Kargil Trade Artifacts in Kargil, India. Museum. public Museum in Kargil"
Kaba Gandhi No Delo,Rajkot,Rajkot,Gujarat,Museum,"House where Mohandas K Gandhi's father, Karamchand Uttanchand Gandhi (Kaba Gandhi) resided at Rajkot,",4.7,25,2.0,22.2971,70.805,"Kaba Gandhi No Delo in Rajkot, Gujarat. Museum. House where Mohandas K Gandhi's father, Karamchand Uttanchand Gandhi (Kaba Gandhi) resided at Rajkot,"
Tribal Research Institute Museum,Bhubaneswar,Bhubaneswar,India,Museum,museum of Tribal Arts and Artifacts,4.9,25,2.0,20.2562,85.8415,"Tribal Research Institute Museum in Bhubaneswar, India. Museum. museum of Tribal Arts and Artifacts"
National Art Gallery,Chennai,Chennai,Tamil Nadu,Museum,"museum in Chennai, India",4.5,25,2.0,13.0694,80.2558,"National Art Gallery in Chennai, Tamil Nadu. Museum. museum in Chennai, India"
Sabarna Sangrahashala,Kolkata,Kolkata,West Bengal,Museum,"museum in Kolkata, West Bengal",4.5,25,2.0,22.4803,88.3114,"Sabarna Sangrahashala in Kolkata, West Bengal. Museum. museum in Kolkata, West Bengal"
Ranchi Science Centre,India,India,Jharkhand,Museum,"a science centre in the state of Jharkhand, India",4.6,25,2.0,23.407,85.34,"Ranchi Science Centre in India, Jharkhand. Museum. a science centre in the state of Jharkhand, India"
Rani Durgawati Museum,Jabalpur,Jabalpur,Madhya Pradesh,Museum,"museum in Madhya Pradesh, India",4.8,25,2.0,23.163,79.934,"Rani Durgawati Museum in Jabalpur, Madhya Pradesh. Museum. museum in Madhya Pradesh, India"
Jai Vilas Mahal,Gwalior,Gwalior,Madhya Pradesh,Museum,Scindia Dynasty royal palace,4.3,25,2.0,26.2047,78.1686,"Jai Vilas Mahal in Gwalior, Madhya Pradesh. Museum. Scindia Dynasty royal palace"
Tribal Research Institute And Museum,India,India,Jharkhand,Museum,"tribal museum in Ranchi, Jharkhand",4.5,25,2.0,23.394,85.333,"Tribal Research Institute And Museum in India, Jharkhand. Museum. tribal museum in Ranchi, Jharkhand"
Netaji Bhawan,"Ward No. 70, Kolkata Municipal Corporation","Ward No. 70, Kolkata Municipal Corporation",West Bengal,Museum,historic building in India,4.4,25,2.0,22.5376,88.3512,"Netaji Bhawan in Ward No. 70, Kolkata Municipal Corporation, West Bengal. Museum. historic building in India"
Regional Museum Of Natural History Mysore,Mysore,Mysore,Karnataka,Museum,museum of natural history in Karnataka,4.7,25,2.0,12.3059,76.6741,"Regional Museum Of Natural History Mysore in Mysore, Karnataka. Museum. museum of natural history in Karnataka"
Regional Museum Of Natural History,Bhubaneswar,Bhubaneswar,Odisha,Museum,"a museum in Bhubaneswar, Odisha",4.8,25,2.0,20.2996,85.8321,"Regional Museum Of Natural History in Bhubaneswar, Odisha. Museum. a museum in Bhubaneswar, Odisha"
Krishnapuram Palace,Kerala,Kerala,Kerala,Museum,"Palace in Alappuzha district, Keralam, India",4.3,50,2.5,9.1503,76.5088,"Krishnapuram Palace in Kerala, Kerala. Museum. Palace in Alappuzha district, Keralam, India"
Hill Palace,Kochi,Kochi,Kerala,Museum,"archeological museum, heritage museum in Kochi, India",4.3,50,2.5,9.9528,76.3639,"Hill Palace in Kochi, Kerala. Museum. archeological museum, heritage museum in Kochi, India"
Watson Museum,Rajkot,Rajkot,Gujarat,Museum,collections of precious objects from the princely State of Rajkot,4.7,25,2.0,22.3004,70.8019,"Watson Museum in Rajkot, Gujarat. Museum. collections of precious objects from the princely State of Rajkot"
Virasat-E-Khalsa,Anand,Anand,Gujarat,Museum,museum located in Anandpur Sahib,4.9,25,2.0,31.2329,76.5075,"Virasat-E-Khalsa in Anand, Gujarat. Museum. museum located in Anandpur Sahib"
Jawahar Kala Kendra,Jaipur,Jaipur,Rajasthan,Museum,cultural center in Jaipur,4.5,25,2.0,26.8763,75.8092,"Jawahar Kala Kendra in Jaipur, Rajasthan. Museum. cultural center in Jaipur"
Raman Science Centre,Nagpur,Nagpur,Maharashtra,Museum,"Science museum in Nagpur, India",4.3,25,2.0,21.1459,79.0941,"Raman Science Centre in Nagpur, Maharashtra. Museum. Science museum in Nagpur, India"
Indore Museum,Indore,Indore,Madhya Pradesh,Museum,"museum in Indore, Madhya Pradesh, India",4.8,25,2.0,22.7053,75.8793,"Indore Museum in Indore, Madhya Pradesh. Museum. museum in Indore, Madhya Pradesh, India"
Swaminarayan Museum,Ahmedabad,Ahmedabad,Gujarat,Museum,"a museum in Ahmedabad, Gujarat",4.7,25,2.0,23.055,72.55,"Swaminarayan Museum in Ahmedabad, Gujarat. Museum. a museum in Ahmedabad, Gujarat"
Malda Museum,Malda,Malda,West Bengal,Museum,an archaeological museum under the West Bengal Directorate of Archaeology,4.4,25,2.0,24.9969,88.1441,"Malda Museum in Malda, West Bengal. Museum. an archaeological museum under the West Bengal Directorate of Archaeology"
Sarat Chandra Kuthi,Bagnan Ii Community Development Block,Bagnan Ii Community Development Block,India,Museum,"house of Sarat Chandra Chattopadhyay in Samta, Howrah district",4.7,25,2.0,22.4751,87.907,"Sarat Chandra Kuthi in Bagnan Ii Community Development Block, India. Museum. house of Sarat Chandra Chattopadhyay in Samta, Howrah district"
Indira Gandhi Planetarium,Patna,Patna,Bihar,Museum,"Planetarium in Patna, India",4.3,25,2.0,25.611,85.144,"Indira Gandhi Planetarium in Patna, Bihar. Museum. Planetarium in Patna, India"
Rajasthan State Archives,Bikaner,Bikaner,Rajasthan,Museum,an archive located in Bikaner city of Rajasthan,4.6,25,2.0,28.0263,73.3244,"Rajasthan State Archives in Bikaner, Rajasthan. Museum. an archive located in Bikaner city of Rajasthan"
State Archaeological Museum,"Ward No. 120, Kolkata Municipal Corporation","Ward No. 120, Kolkata Municipal Corporation",West Bengal,Museum,museum in Kolkata,4.3,25,2.0,22.4994,88.318,"State Archaeological Museum in Ward No. 120, Kolkata Municipal Corporation, West Bengal. Museum. museum in Kolkata"
Rashtriya Dalit Prerna Sthal And Green Garden,Noida,Noida,Uttar Pradesh,Museum,"monument and museum in Uttar Pradesh, India",4.4,25,2.0,28.5681,77.3118,"Rashtriya Dalit Prerna Sthal And Green Garden in Noida, Uttar Pradesh. Museum. monument and museum in Uttar Pradesh, India"
Kottarakkara Thampuran Memorial Museum Of Classical Arts,Kollam,Kollam,Kerala,Museum,museum in India,4.3,25,2.0,9.0016,76.7701,"Kottarakkara Thampuran Memorial Museum Of Classical Arts in Kollam, Kerala. Museum. museum in India"
Devaswom Museum,Kerala,Kerala,Kerala,Museum,museum,4.9,25,2.0,10.5942,76.0405,"Devaswom Museum in Kerala, Kerala. Museum. museum"
Tripura Government Museum,Agar,Agar,India,Museum,"cultural and historical museum in Agartala, India",4.4,25,2.0,23.8374,91.2827,"Tripura Government Museum in Agar, India. Museum. cultural and historical museum in Agartala, India"
Bharat Kala Bhavan,Varanasi,Varanasi,Uttar Pradesh,Museum,"university museum located in Banaras Hindu University, Varanasi",4.5,25,2.0,25.2715,82.996,"Bharat Kala Bhavan in Varanasi, Uttar Pradesh. Museum. university museum located in Banaras Hindu University, Varanasi"
Mirza Ghalib Museum,India,India,India,Museum,museum on the life and times of the 19th century Urdu poet Mirza Ghalib,4.3,25,2.0,28.5915,77.2433,"Mirza Ghalib Museum in India, India. Museum. museum on the life and times of the 19th century Urdu poet Mirza Ghalib"
Akbari Fort & Museum,Ajmer,Ajmer,Rajasthan,Museum,museum in India,4.7,50,2.5,26.4607,74.6335,"Akbari Fort & Museum in Ajmer, Rajasthan. Museum. museum in India"
Puducherry Museum,Pondicherry,Pondicherry,Puducherry,Museum,museum,4.7,25,2.0,11.9344,79.8349,"Puducherry Museum in Pondicherry, Puducherry. Museum. museum"
Koyikkal Palace,Ananthapuram,Ananthapuram,Kerala,Museum,"Palace in Thiruvananthapuram district, Keralam, India",4.5,50,2.5,8.6092,77.003,"Koyikkal Palace in Ananthapuram, Kerala. Museum. Palace in Thiruvananthapuram district, Keralam, India"
Puducherry Science Centre & Planetarium,Agar,Agar,India,Museum,"children's Science Museum in Kurinji Nagar, Lawspet",4.8,25,2.0,11.9517,79.8079,"Puducherry Science Centre & Planetarium in Agar, India. Museum. children's Science Museum in Kurinji Nagar, Lawspet"
Ghalib Ki Haveli,Delhi,Delhi,Delhi,Museum,Ghalib's residence,4.3,25,2.0,28.6544,77.2257,"Ghalib Ki Haveli in Delhi, Delhi. Museum. Ghalib's residence"
Visakha Museum,Patna,Patna,Andhra Pradesh,Museum,"museum in Visakhapatnam, Andhra Pradesh, India",4.8,25,2.0,17.7207,83.3338,"Visakha Museum in Patna, Andhra Pradesh. Museum. museum in Visakhapatnam, Andhra Pradesh, India"
Shankar Memorial National Cartoon Museum & Art Gallery,India,India,Kerala,Museum,"musuem in Kayamkulam, Kerala",4.7,25,2.0,9.1468,76.5125,"Shankar Memorial National Cartoon Museum & Art Gallery in India, Kerala. Museum. musuem in Kayamkulam, Kerala"
Rajendra Smriti Sangrahalaya,Patna,Patna,Bihar,Museum,"Biographical museum in Patna, India",4.4,25,2.0,25.6325,85.1153,"Rajendra Smriti Sangrahalaya in Patna, Bihar. Museum. Biographical museum in Patna, India"
Coin Museum,Nashik District,Nashik District,Maharashtra,Museum,museum in India,4.8,25,2.0,19.9577,73.6107,"Coin Museum in Nashik District, Maharashtra. Museum. museum in India"
Jalan Museum,Patna,Patna,Bihar,Museum,"art & Heritage Museum in Bihar, India",4.3,25,2.0,25.5986,85.2295,"Jalan Museum in Patna, Bihar. Museum. art & Heritage Museum in Bihar, India"
Ashvek Vintage World,Goa,Goa,Goa,Museum,"vintage car museum in South Goa, India",4.3,25,2.0,15.3211,73.9415,"Ashvek Vintage World in Goa, Goa. Museum. vintage car museum in South Goa, India"
Vaidyaratnam Ayurveda Museum,Ollur,Ollur,India,Museum,museum in India,4.7,25,2.0,20.5937,78.9629,"Vaidyaratnam Ayurveda Museum in Ollur, India. Museum. museum in India"
Indian Business Museum,Kozhikode,Kozhikode,Kerala,Museum,"specialized museum in Kozhikode, Kerala",4.3,25,2.0,11.2941,75.8739,"Indian Business Museum in Kozhikode, Kerala. Museum. specialized museum in Kozhikode, Kerala"
Mahatma Phule Museum,Pune,Pune,Maharashtra,Museum,"museum in Pune, India",4.5,25,2.0,18.5235,73.8452,"Mahatma Phule Museum in Pune, Maharashtra. Museum. museum in Pune, India"
Sinha Library,India,India,India,Museum,Sudbury transit terminal is unsafe,4.6,25,2.0,25.6135,85.1366,"Sinha Library in India, India. Museum. Sudbury transit terminal is unsafe"
Tribal Museum,Bhubaneswar,Bhubaneswar,India,Museum,museum in India,4.6,25,2.0,20.2562,85.8415,"Tribal Museum in Bhubaneswar, India. Museum. museum in India"
Jorhat Science Centre And Planetarium,India,India,India,Museum,museum in India,4.6,25,2.0,26.7563,94.2104,"Jorhat Science Centre And Planetarium in India, India. Museum. museum in India"
Dogra Art Museum,Jammu,Jammu,Jammu & Kashmir,Museum,"museum in Jammu, India",4.9,25,2.0,32.7389,74.875,"Dogra Art Museum in Jammu, Jammu & Kashmir. Museum. museum in Jammu, India"
Nizam Museum,Hyderabad,Hyderabad,Telangana,Museum,"museum in Hyderabad, Telangana, India",4.9,25,2.0,17.3665,78.4828,"Nizam Museum in Hyderabad, Telangana. Museum. museum in Hyderabad, Telangana, India"
Ramavarma Appan Thampuran Memorial,Thrissur,Thrissur,Kerala,Museum,"monument in Ayyanthole, Thrissur city, Kerala, India",4.7,25,2.0,20.5937,78.9629,"Ramavarma Appan Thampuran Memorial in Thrissur, Kerala. Museum. monument in Ayyanthole, Thrissur city, Kerala, India"
Alampur Museum,Alampur,Alampur,India,Museum,"archaeological museum in Alampur, India",4.9,25,2.0,15.8776,78.1349,"Alampur Museum in Alampur, India. Museum. archaeological museum in Alampur, India"
Archaeological Museum And Portrait Gallery,Goa,Goa,Goa,Museum,Archaeological Museum and Portrait Gallery in Old Goa,4.4,25,2.0,15.5031,73.9109,"Archaeological Museum And Portrait Gallery in Goa, Goa. Museum. Archaeological Museum and Portrait Gallery in Old Goa"
Vallathol Museum,Thrissur,Thrissur,Kerala,Museum,"museum in Cheruthuruthi, Thrissur District",4.8,25,2.0,10.7495,76.2746,"Vallathol Museum in Thrissur, Kerala. Museum. museum in Cheruthuruthi, Thrissur District"
Shree Ganesh Darshan Sangrahalaya,Pune,Pune,Maharashtra,Museum,"museum in Pune, Maharashtra",4.8,25,2.0,18.5009,73.8529,"Shree Ganesh Darshan Sangrahalaya in Pune, Maharashtra. Museum. museum in Pune, Maharashtra"
State Museum Hotwar,Ranchi,Ranchi,Jharkhand,Museum,Indian cultural museum in Jharkhand,4.8,25,2.0,23.3835,85.3855,"State Museum Hotwar in Ranchi, Jharkhand. Museum. Indian cultural museum in Jharkhand"
Shrikrishna Museum,Kurukshetra,Kurukshetra,Haryana,Museum,"museum in Haryana, India",4.8,25,2.0,29.9651,76.834,"Shrikrishna Museum in Kurukshetra, Haryana. Museum. museum in Haryana, India"
Children'S Museum,India,India,India,Museum,museum for Children in India,4.5,25,2.0,28.5519,77.2163,"Children'S Museum in India, India. Museum. museum for Children in India"
Sulabh International Museum Of Toilets,New Delhi,New Delhi,Delhi,Museum,International museum,4.4,25,2.0,28.5966,77.0808,"Sulabh International Museum Of Toilets in New Delhi, Delhi. Museum. International museum"
Gandhi Teerth,Jalgaon,Jalgaon,Maharashtra,Museum,"museum in Jalgaon, Maharashtra, India",4.4,25,2.0,20.9445,75.5532,"Gandhi Teerth in Jalgaon, Maharashtra. Museum. museum in Jalgaon, Maharashtra, India"
Eight-Point Gallery Cafe,Kollam,Kollam,Kerala,Museum,"art museum in Asramam, Kollam",4.3,0,2.0,8.8964,76.5862,"Eight-Point Gallery Cafe in Kollam, Kerala. Museum. art museum in Asramam, Kollam"
State Museum Lucknow,Lucknow,Lucknow,Uttar Pradesh,Museum,"museum in Uttar Pradesh, India",4.7,25,2.0,26.8453,80.9547,"State Museum Lucknow in Lucknow, Uttar Pradesh. Museum. museum in Uttar Pradesh, India"
Kurukshetra Panorama And Science Centre,Thane,Thane,Haryana,Museum,"Science Centre and Museum in Haryana, India",4.8,25,2.0,29.966,76.8341,"Kurukshetra Panorama And Science Centre in Thane, Haryana. Museum. Science Centre and Museum in Haryana, India"
Warangal Museum,Hanamkonda District,Hanamkonda District,Telangana,Museum,"a museum in Warangal, Telangana, India",4.4,25,2.0,17.991,79.5885,"Warangal Museum in Hanamkonda District, Telangana. Museum. a museum in Warangal, Telangana, India"
Dharohar Museum,Dhar,Dhar,Haryana,Museum,"museum in Haryana, India",4.8,25,2.0,29.9657,76.837,"Dharohar Museum in Dhar, Haryana. Museum. museum in Haryana, India"
Jahaj Kothi,Hisar,Hisar,Haryana,Museum,"museum in Haryana, India",4.9,25,2.0,29.1663,75.7206,"Jahaj Kothi in Hisar, Haryana. Museum. museum in Haryana, India"
Shilpgram,Sawai Madhopur,Sawai Madhopur,Rajasthan,Museum,museum in India,4.4,25,2.0,26.0173,76.5026,"Shilpgram in Sawai Madhopur, Rajasthan. Museum. museum in India"
Mahakavi Bharathi Memorial Library,India,India,India,Museum,museum in India,4.7,25,2.0,11.3513,77.7176,"Mahakavi Bharathi Memorial Library in India, India. Museum. museum in India"
Netaji Birth Place Museum,Cuttack,Cuttack,Odisha,Museum,"museum in Cuttack, Odisha",4.3,25,2.0,20.4699,85.8665,"Netaji Birth Place Museum in Cuttack, Odisha. Museum. museum in Cuttack, Odisha"
Sanskriti Museum & Art Gallery,Hazaribagh,Hazaribagh,India,Museum,"Museum in Hazaribagh, India",4.9,25,2.0,24.009,85.378,"Sanskriti Museum & Art Gallery in Hazaribagh, India. Museum. Museum in Hazaribagh, India"
Bhartiya Nritya Kala Mandir,India,India,India,Museum,arts and crafts museum,4.8,25,2.0,25.6129,85.1402,"Bhartiya Nritya Kala Mandir in India, India. Museum. arts and crafts museum"
Nagpur Central Museum,Nagpur,Nagpur,Maharashtra,Museum,"museum in Nagpur, Maharashtra, India",4.5,25,2.0,21.151,79.0781,"Nagpur Central Museum in Nagpur, Maharashtra. Museum. museum in Nagpur, Maharashtra, India"
Bhai Vir Singh Memorial House,Amritsar,Amritsar,Punjab,Museum,"Home of famous punjabi writer converted to memorial housing collection of books , articles used in his household and some memoirs , paintings connected with him.",4.8,25,2.0,31.6439,74.8756,"Bhai Vir Singh Memorial House in Amritsar, Punjab. Museum. Home of famous punjabi writer converted to memorial housing collection of books , articles used in his household and some memoirs , paintings connected with him."
Kerala Soil Museum,Ananthapuram,Ananthapuram,Kerala,Museum,"Soil museum in Thiruvananthapuram district, Keralam, India",4.7,25,2.0,8.5376,76.9375,"Kerala Soil Museum in Ananthapuram, Kerala. Museum. Soil museum in Thiruvananthapuram district, Keralam, India"
Sekta Archaeological Living Museum,India,India,India,Museum,archaeological open air living museum in Sekta,4.6,25,2.0,24.8956,94.0381,"Sekta Archaeological Living Museum in India, India. Museum. archaeological open air living museum in Sekta"
Sudha Cars Museum,Hyderabad,Hyderabad,Andhra Pradesh,Museum,"automobile museum located in Hyderabad, India",4.9,25,2.0,17.357,78.4544,"Sudha Cars Museum in Hyderabad, Andhra Pradesh. Museum. automobile museum located in Hyderabad, India"
Remember Bhopal Museum,Bhopal,Bhopal,Madhya Pradesh,Museum,"museum in Bhopal, Madhya Pradesh, India that commemorates the Bhopal disaster",4.3,25,2.0,23.2927,77.4006,"Remember Bhopal Museum in Bhopal, Madhya Pradesh. Museum. museum in Bhopal, Madhya Pradesh, India that commemorates the Bhopal disaster"
Gurusaday Museum,Kolkata,Kolkata,West Bengal,Museum,"Folk arts and crafts museum in Kolkata, India",4.5,25,2.0,22.4554,88.3034,"Gurusaday Museum in Kolkata, West Bengal. Museum. Folk arts and crafts museum in Kolkata, India"
Gandhi Smriti Sangrahalaya,Gandhi Maidan Marg,Gandhi Maidan Marg,India,Museum,Gandhi Memorial Institution,4.8,25,2.0,25.6205,85.1422,"Gandhi Smriti Sangrahalaya in Gandhi Maidan Marg, India. Museum. Gandhi Memorial Institution"
Mizoram State Museum,Aizawl,Aizawl,Mizoram,Museum,"ethnographic museum in Mizoram, India",4.8,25,2.0,23.7381,92.7156,"Mizoram State Museum in Aizawl, Mizoram. Museum. ethnographic museum in Mizoram, India"
Rakhigarhi Indus Valley Civilisation Museum,Rakhigarhi,Rakhigarhi,Haryana,Museum,"museum in Haryana, India",4.7,25,2.0,29.1719,76.0647,"Rakhigarhi Indus Valley Civilisation Museum in Rakhigarhi, Haryana. Museum. museum in Haryana, India"
Rajiv Gandhi Regional Museum Of Natural History,India,India,India,Museum,"museum of Natural History in Ramsinghpura, Sawai Madhopur",4.5,25,2.0,26.0173,76.5026,"Rajiv Gandhi Regional Museum Of Natural History in India, India. Museum. museum of Natural History in Ramsinghpura, Sawai Madhopur"
Haryana Rural Antique Museum,India,India,Haryana,Museum,"museum in Haryana, India",4.5,25,2.0,29.0844,75.4228,"Haryana Rural Antique Museum in India, Haryana. Museum. museum in Haryana, India"
Maritime Archives & Heritage Centre,"Ward No. 45, Kolkata Municipal Corporation","Ward No. 45, Kolkata Municipal Corporation",West Bengal,Museum,museum in Kolkata,4.5,25,2.0,22.5764,88.3468,"Maritime Archives & Heritage Centre in Ward No. 45, Kolkata Municipal Corporation, West Bengal. Museum. museum in Kolkata"
Vadya Vithika,Agar,Agar,West Bengal,Museum,museum of Musical Instruments in Kolkata,4.7,25,2.0,22.5733,88.4134,"Vadya Vithika in Agar, West Bengal. Museum. museum of Musical Instruments in Kolkata"
Golghar Museum,India,India,India,Museum,golghar has been repaired on 19 August 2023,4.7,25,2.0,23.2681,77.3902,"Golghar Museum in India, India. Museum. golghar has been repaired on 19 August 2023"
Boat Museum,Kolkata,Kolkata,West Bengal,Museum,museum in Kolkata,4.4,25,2.0,22.582,88.391,"Boat Museum in Kolkata, West Bengal. Museum. museum in Kolkata"
National Museum Of Indian Cinema,Mumbai,Mumbai,Maharashtra,Museum,"Indian museum in Mumbai, dedicated to cinema",4.6,25,2.0,18.9703,72.8088,"National Museum Of Indian Cinema in Mumbai, Maharashtra. Museum. Indian museum in Mumbai, dedicated to cinema"
Sardar Patel Museum,Surat,Surat,Gujarat,Museum,museum in India,4.6,25,2.0,21.1703,72.7957,"Sardar Patel Museum in Surat, Gujarat. Museum. museum in India"
Bombay Natural History Society Museum,Mumbai,Mumbai,Maharashtra,Museum,museum in India,4.6,25,2.0,20.5937,78.9629,"Bombay Natural History Society Museum in Mumbai, Maharashtra. Museum. museum in India"
Sri Chaitanya Mahaprabhu Museum,"Ward No. 7, Kolkata Municipal Corporation","Ward No. 7, Kolkata Municipal Corporation",West Bengal,Museum,museum in Kolkata,4.8,25,2.0,22.6032,88.367,"Sri Chaitanya Mahaprabhu Museum in Ward No. 7, Kolkata Municipal Corporation, West Bengal. Museum. museum in Kolkata"
Raja Rammohun Roy Memorial Museum,"Ward No. 27, Kolkata Municipal Corporation","Ward No. 27, Kolkata Municipal Corporation",West Bengal,Museum,museum in Kolkata,4.8,25,2.0,22.583,88.369,"Raja Rammohun Roy Memorial Museum in Ward No. 27, Kolkata Municipal Corporation, West Bengal. Museum. museum in Kolkata"
Chhatrapati Shivaji Maharaj Museum Of Indian History,Pune,Pune,Maharashtra,Museum,"historical Museum in Pune district, Maharashtra",4.8,25,2.0,18.6161,73.9419,"Chhatrapati Shivaji Maharaj Museum Of Indian History in Pune, Maharashtra. Museum. historical Museum in Pune district, Maharashtra"
Anokhi Museum Of Hand Printing,Jaipur,Jaipur,Rajasthan,Museum,"museum in Jaipur, India",4.6,25,2.0,26.9939,75.8508,"Anokhi Museum Of Hand Printing in Jaipur, Rajasthan. Museum. museum in Jaipur, India"
William Carey Museum,Serampore,Serampore,West Bengal,Museum,museum in Serampore,4.3,25,2.0,22.7522,88.3523,"William Carey Museum in Serampore, West Bengal. Museum. museum in Serampore"
Bagnan Ananda Niketan Kirtishala,Anand,Anand,West Bengal,Museum,"museum in Bagnan, West Bengal",4.8,25,2.0,22.4631,87.9426,"Bagnan Ananda Niketan Kirtishala in Anand, West Bengal. Museum. museum in Bagnan, West Bengal"
Tu 142 Aircraft Museum,Patna,Patna,Bihar,Museum,"aviation museum, transport museum in Pandurangapuram, Visakhapatnam",4.5,25,2.0,17.718,83.3298,"Tu 142 Aircraft Museum in Patna, Bihar. Museum. aviation museum, transport museum in Pandurangapuram, Visakhapatnam"
Rabindra Bharati Museum,"Ward No. 25, Kolkata Municipal Corporation","Ward No. 25, Kolkata Municipal Corporation",West Bengal,Museum,museum in Kolkata,4.4,25,2.0,22.5849,88.3592,"Rabindra Bharati Museum in Ward No. 25, Kolkata Municipal Corporation, West Bengal. Museum. museum in Kolkata"
Le Corbusier Centre,Chandigarh,Chandigarh,Chandigarh,Museum,museum in Chandigarh,4.3,25,2.0,30.7302,76.7995,"Le Corbusier Centre in Chandigarh, Chandigarh. Museum. museum in Chandigarh"
Anand Bhawan Museum,Cuttack,Cuttack,Orissa,Museum,museum in India,4.3,25,2.0,20.5937,78.9629,"Anand Bhawan Museum in Cuttack, Orissa. Museum. museum in India"
Rbi Monetary Museum,Mumbai,Mumbai,Maharashtra,Museum,Museum in India,4.4,25,2.0,18.9341,72.8365,"Rbi Monetary Museum in Mumbai, Maharashtra. Museum. Museum in India"
Keralam - Museum Of History And Heritage,Ananthapuram,Ananthapuram,India,Museum,museum in India,4.5,25,2.0,8.5082,76.9538,"Keralam - Museum Of History And Heritage in Ananthapuram, India. Museum. museum in India"
Anglo Sikh War Memorial,Firozpur District,Firozpur District,India,Museum,Memorial and Museum commemorating Sikh soldiers,4.5,25,2.0,30.8628,74.8167,"Anglo Sikh War Memorial in Firozpur District, India. Museum. Memorial and Museum commemorating Sikh soldiers"
Mehrangarh Museum Trust,Jodhpur,Jodhpur,Rajasthan,Museum,"archive organization in Jodhpur, India",4.9,25,2.0,26.2978,73.0185,"Mehrangarh Museum Trust in Jodhpur, Rajasthan. Museum. archive organization in Jodhpur, India"
Jagadish Chandra Bose Science Heritage Museum,"Ward No. 38, Kolkata Municipal Corporation","Ward No. 38, Kolkata Municipal Corporation",West Bengal,Museum,museum in Kolkata,4.8,25,2.0,22.5796,88.3734,"Jagadish Chandra Bose Science Heritage Museum in Ward No. 38, Kolkata Municipal Corporation, West Bengal. Museum. museum in Kolkata"
Haripada Sahitya Mandir,Purulia,Purulia,India,Museum,a library and museum in Purulia,4.3,25,2.0,23.3357,86.3627,"Haripada Sahitya Mandir in Purulia, India. Museum. a library and museum in Purulia"
Partition Museum,Amritsar,Amritsar,Punjab,Museum,"museum in Punjab, India",4.6,25,2.0,31.6258,74.8787,"Partition Museum in Amritsar, Punjab. Museum. museum in Punjab, India"
Smaranika Tram Museum,"Ward No. 46, Kolkata Municipal Corporation","Ward No. 46, Kolkata Municipal Corporation",West Bengal,Museum,tram museum in Kolkata,4.6,25,2.0,22.5652,88.35,"Smaranika Tram Museum in Ward No. 46, Kolkata Municipal Corporation, West Bengal. Museum. tram museum in Kolkata"
Sadgeetha Vadyalaya,Chennai District,Chennai District,India,Museum,museum in India,4.3,25,2.0,20.5937,78.9629,"Sadgeetha Vadyalaya in Chennai District, India. Museum. museum in India"
Sps Museum,Agar,Agar,Jammu And Kashmir,Museum,"a museum in Srinagar, Jammu and Kashmir, India",4.4,25,2.0,34.0668,74.8131,"Sps Museum in Agar, Jammu And Kashmir. Museum. a museum in Srinagar, Jammu and Kashmir, India"
Pune Tribal Museum,Pune,Pune,Maharashtra,Museum,"tribal Museum in Pune, Maharashtra",4.7,25,2.0,18.5298,73.886,"Pune Tribal Museum in Pune, Maharashtra. Museum. tribal Museum in Pune, Maharashtra"
Odisha Crafts Museum,India,India,Odisha,Museum,museum on crafts of Indian state of Odisha,4.8,25,2.0,20.2518,85.8075,"Odisha Crafts Museum in India, Odisha. Museum. museum on crafts of Indian state of Odisha"
Blades Of Glory Cricket Museum,Pune,Pune,Maharashtra,Museum,"museum in Pune, India",4.6,25,2.0,18.486,73.8434,"Blades Of Glory Cricket Museum in Pune, Maharashtra. Museum. museum in Pune, India"
Central Sikh Museum,Amritsar,Amritsar,Punjab,Museum,"Indian museum that holds rare handwritings of Sikh gurus and pictures of Sikh gurus, warriors, heroes of history, collection of old Sikh coins, old Sikh armaments etc.",4.6,25,2.0,31.6206,74.8772,"Central Sikh Museum in Amritsar, Punjab. Museum. Indian museum that holds rare handwritings of Sikh gurus and pictures of Sikh gurus, warriors, heroes of history, collection of old Sikh coins, old Sikh armaments etc."
Jagdish And Kamla Mittal Museum Of Indian Art,Hyderabad,Hyderabad,Andhra Pradesh,Museum,"art and archaeological museum in Hyderabad, India",4.9,25,2.0,20.5937,78.9629,"Jagdish And Kamla Mittal Museum Of Indian Art in Hyderabad, Andhra Pradesh. Museum. art and archaeological museum in Hyderabad, India"
Vidisha Museum,Vidisha,Vidisha,Madhya Pradesh,Museum,archaeological museum in Vidisha,4.3,25,2.0,23.5197,77.8165,"Vidisha Museum in Vidisha, Madhya Pradesh. Museum. archaeological museum in Vidisha"
Chandradhari Museum,Dhar,Dhar,Bihar,Museum,"museum in Bihar, India",4.4,25,2.0,26.1522,85.9064,"Chandradhari Museum in Dhar, Bihar. Museum. museum in Bihar, India"
Revi Karunakaran Memorial Museum,India,India,India,Museum,art museum,4.9,25,2.0,9.4992,76.3288,"Revi Karunakaran Memorial Museum in India, India. Museum. art museum"
Gauhati University Museum Of Fishes,India,India,India,Museum,museum in India,4.9,25,2.0,20.5937,78.9629,"Gauhati University Museum Of Fishes in India, India. Museum. museum in India"
Jaisalmer Folklore Museum,Jaisalmer,Jaisalmer,Rajasthan,Museum,"natural history museum in Rajasthan, India",4.4,25,2.0,26.9107,70.9191,"Jaisalmer Folklore Museum in Jaisalmer, Rajasthan. Museum. natural history museum in Rajasthan, India"
Sardar Government Museum,India,India,Rajasthan,Museum,"museum in Rajasthan, India",4.5,25,2.0,26.2918,73.0323,"Sardar Government Museum in India, Rajasthan. Museum. museum in Rajasthan, India"
Kasturbhai Lalbhai Museum,India,India,India,Museum,Indian museum,4.6,25,2.0,20.5937,78.9629,"Kasturbhai Lalbhai Museum in India, India. Museum. Indian museum"
Heritage Jail Museum,Sangareddy Mandal,Sangareddy Mandal,India,Museum,prison museum in India,4.4,25,2.0,17.6302,78.0868,"Heritage Jail Museum in Sangareddy Mandal, India. Museum. prison museum in India"
Khazana Building Museum,Hyderabad,Hyderabad,Andhra Pradesh,Museum,"museum in Hyderabad, India",4.3,25,2.0,20.5937,78.9629,"Khazana Building Museum in Hyderabad, Andhra Pradesh. Museum. museum in Hyderabad, India"
Mughal Museum,Agra,Agra,Uttar Pradesh,Museum,"a museum Agra, India",4.7,25,2.0,18.9269,72.8327,"Mughal Museum in Agra, Uttar Pradesh. Museum. a museum Agra, India"
District Science Center - Tirunelveli,Tirunelveli,Tirunelveli,Tamil Nadu,Museum,museum in India,4.3,25,2.0,10.7689,78.7031,"District Science Center - Tirunelveli in Tirunelveli, Tamil Nadu. Museum. museum in India"
Swami Vivekananda Planetarium,Anand,Anand,Gujarat,Museum,3D planetarium in India,4.4,25,2.0,12.8687,74.8385,"Swami Vivekananda Planetarium in Anand, Gujarat. Museum. 3D planetarium in India"
Jang-E-Azadi Memorial,Dhar,Dhar,India,Museum,memorial and museum,4.4,25,2.0,31.4394,75.4978,"Jang-E-Azadi Memorial in Dhar, India. Museum. memorial and museum"
Skill Museum,Cuttack,Cuttack,Odisha,Museum,museum in Odisha,4.5,25,2.0,20.5937,78.9629,"Skill Museum in Cuttack, Odisha. Museum. museum in Odisha"
Pondicherry Museum,Pondicherry,Pondicherry,Puducherry,Museum,an art and history museum,4.5,25,2.0,11.9342,79.8347,"Pondicherry Museum in Pondicherry, Puducherry. Museum. an art and history museum"
Tharangambadi Maritime Museum,Tharangambadi,Tharangambadi,Tamil Nadu,Museum,"maritime museum in Tamil Nadu, India",4.4,25,2.0,11.0259,79.8549,"Tharangambadi Maritime Museum in Tharangambadi, Tamil Nadu. Museum. maritime museum in Tamil Nadu, India"
Maharaja Ranjit Singh War Museum Ludhiana,India,India,Punjab,Museum,The museum documents the history of Punjab and the great wars its brave people have fought,4.4,25,2.0,20.5937,78.9629,"Maharaja Ranjit Singh War Museum Ludhiana in India, Punjab. Museum. The museum documents the history of Punjab and the great wars its brave people have fought"
Azad Memorabilia Museum,"Ward No. 69, Kolkata Municipal Corporation","Ward No. 69, Kolkata Municipal Corporation",West Bengal,Museum,museum in Kolkata,4.3,25,2.0,22.5335,88.3563,"Azad Memorabilia Museum in Ward No. 69, Kolkata Municipal Corporation, West Bengal. Museum. museum in Kolkata"
Rbi Museum,"Ward No. 45, Kolkata Municipal Corporation","Ward No. 45, Kolkata Municipal Corporation",West Bengal,Museum,bank museum in Kolkata,4.6,25,2.0,22.5706,88.3475,"Rbi Museum in Ward No. 45, Kolkata Municipal Corporation, West Bengal. Museum. bank museum in Kolkata"
Sawai Man Singh Town Hall,Jaipur,Jaipur,Rajasthan,Museum,"building in Jaipur, Rajasthan, India",4.7,25,2.0,26.9255,75.8272,"Sawai Man Singh Town Hall in Jaipur, Rajasthan. Museum. building in Jaipur, Rajasthan, India"
Dagshai Central Jail & Museum,India,India,Himachal Pradesh,Museum,"jail museum in Himachal Pradesh, INDIA",4.5,25,2.0,30.8865,77.0529,"Dagshai Central Jail & Museum in India, Himachal Pradesh. Museum. jail museum in Himachal Pradesh, INDIA"
Museum Of Art & Photography,"Kasturba Road, Bangalore","Kasturba Road, Bangalore",Karnataka,Museum,"Art museum based in Bangalore, India",4.9,25,2.0,12.9745,77.5968,"Museum Of Art & Photography in Kasturba Road, Bangalore, Karnataka. Museum. Art museum based in Bangalore, India"
Netaji Museum And Centre For Studies In Himalayan Languages Society & Culture,Kurseong Community Development Block,Kurseong Community Development Block,India,Museum,building in India,4.8,25,2.0,26.8663,88.2986,"Netaji Museum And Centre For Studies In Himalayan Languages Society & Culture in Kurseong Community Development Block, India. Museum. building in India"
National Salt Satyagraha Memorial,Jalalpore Taluka,Jalalpore Taluka,Gujarat,Museum,"memorial in Dandi, Gujarat, India",4.5,25,2.0,20.8914,72.7997,"National Salt Satyagraha Memorial in Jalalpore Taluka, Gujarat. Museum. memorial in Dandi, Gujarat, India"
Mahatma Phule Wada,Pune,Pune,Maharashtra,Museum,"former residence of Jyotirao Phule in Pune, Maharashtra",4.4,25,2.0,18.5067,73.8639,"Mahatma Phule Wada in Pune, Maharashtra. Museum. former residence of Jyotirao Phule in Pune, Maharashtra"
Sukhna Interpretation Centre,India,India,India,Museum,art museum in Sukhna Lake,4.4,25,2.0,30.7387,76.8134,"Sukhna Interpretation Centre in India, India. Museum. art museum in Sukhna Lake"
District Archaeological Museum,Agar,Agar,India,Museum,museum with historic items in Karimnagar city,4.4,25,2.0,18.4333,79.1309,"District Archaeological Museum in Agar, India. Museum. museum with historic items in Karimnagar city"
Kalashree Seashell Museum,Mysore,Mysore,Karnataka,Museum,"sculpture museum in Mysore, India",4.8,25,2.0,20.5937,78.9629,"Kalashree Seashell Museum in Mysore, Karnataka. Museum. sculpture museum in Mysore, India"
Bhuri Singh Museum,Chamba District,Chamba District,India,Museum,museum in India,4.7,25,2.0,20.5937,78.9629,"Bhuri Singh Museum in Chamba District, India. Museum. museum in India"
Aloyseum,Dakshina Kannada District,Dakshina Kannada District,Karnataka,Museum,"museum in Mangalapuram, Karnataka, India",4.7,25,2.0,12.8577,74.8715,"Aloyseum in Dakshina Kannada District, Karnataka. Museum. museum in Mangalapuram, Karnataka, India"
Khanda Museum,Fatehgarh Sahib District,Fatehgarh Sahib District,Punjab,Museum,"community museum in Fatehgarh Sahib, Punjab, India",4.4,25,2.0,30.651,76.3936,"Khanda Museum in Fatehgarh Sahib District, Punjab. Museum. community museum in Fatehgarh Sahib, Punjab, India"
Magan Sangrahalaya,Wardha,Wardha,Maharashtra,Museum,"museum in Wardha, Maharashtra",4.8,25,2.0,20.739,78.5957,"Magan Sangrahalaya in Wardha, Maharashtra. Museum. museum in Wardha, Maharashtra"
Heritage Transport Museum,India,India,Haryana,Museum,"transportation museum in Haryana, India",4.4,25,2.0,28.253,76.9243,"Heritage Transport Museum in India, Haryana. Museum. transportation museum in Haryana, India"
Himalayan Mountaineering Institute Museum,Darjeeling,Darjeeling,West Bengal,Museum,"museum in Darjeeling, West Bengal",4.7,25,2.0,27.0584,88.2539,"Himalayan Mountaineering Institute Museum in Darjeeling, West Bengal. Museum. museum in Darjeeling, West Bengal"
Step Aside,Darjeeling,Darjeeling,West Bengal,Museum,"building in Darjeeling, India",4.3,25,2.0,27.0466,88.2688,"Step Aside in Darjeeling, West Bengal. Museum. building in Darjeeling, India"
Open Air Museum,Shivpuri District,Shivpuri District,India,Museum,museum in India,4.5,25,2.0,25.42,77.8317,"Open Air Museum in Shivpuri District, India. Museum. museum in India"
Rabindra Bhavana Museum,Bolpur,Bolpur,India,Museum,museum dedicated to Tagore family in Visva-Bharati University,4.3,25,2.0,23.6825,87.6842,"Rabindra Bhavana Museum in Bolpur, India. Museum. museum dedicated to Tagore family in Visva-Bharati University"
Kumuram Bheem Tribal Museum,Telangana,Telangana,Telangana,Museum,"Tribal museum at Kerameri mandal's Jodeghat, Asifabad district of Telangana",4.3,25,2.0,19.3678,79.161,"Kumuram Bheem Tribal Museum in Telangana, Telangana. Museum. Tribal museum at Kerameri mandal's Jodeghat, Asifabad district of Telangana"
Coal Heritage Park And Museum,Margherita,Margherita,Assam,Museum,"a coal museum in Margherita, Assam",4.6,150,3.0,27.2887,95.6736,"Coal Heritage Park And Museum in Margherita, Assam. Museum. a coal museum in Margherita, Assam"
Gandhi Smriti Darshan Samiti,Delhi,Delhi,Delhi,Museum,museum in India,4.3,25,2.0,20.5937,78.9629,"Gandhi Smriti Darshan Samiti in Delhi, Delhi. Museum. museum in India"
Government Museum And Art Gallery,India,India,Punjab,Museum,"museum in Punjab, India",4.8,25,2.0,20.5937,78.9629,"Government Museum And Art Gallery in India, Punjab. Museum. museum in Punjab, India"
Pakbirra Museum,Puncha Community Development Block,Puncha Community Development Block,India,Museum,an open-air museum with sculptures of Jain deities,4.4,25,2.0,23.158,86.6802,"Pakbirra Museum in Puncha Community Development Block, India. Museum. an open-air museum with sculptures of Jain deities"
Srimanthi Bhai Memorial Government Museum,India,India,Karnataka,Museum,"historic house museum in Mangaluru, Karnataka",4.3,25,2.0,12.887,74.8465,"Srimanthi Bhai Memorial Government Museum in India, Karnataka. Museum. historic house museum in Mangaluru, Karnataka"
Himachal Pradesh State Museum,Shimla,Shimla,Himachal Pradesh,Museum,Indian cultural museum,4.5,25,2.0,31.1033,77.1508,"Himachal Pradesh State Museum in Shimla, Himachal Pradesh. Museum. Indian cultural museum"
Kashibai Madhavrao Gawand Museum,India,India,Maharashtra,Museum,museum of historic objects in Satara district of Maharashtra,4.3,25,2.0,20.5937,78.9629,"Kashibai Madhavrao Gawand Museum in India, Maharashtra. Museum. museum of historic objects in Satara district of Maharashtra"
Shristhal Sangrahalay,Siddhpur Taluka,Siddhpur Taluka,Gujarat,Museum,"museum in Siddhpur, Gujarat, India",4.5,25,2.0,23.9092,72.3633,"Shristhal Sangrahalay in Siddhpur Taluka, Gujarat. Museum. museum in Siddhpur, Gujarat, India"
Chintamoni Kar Saghrahalay,Rajpur Sonarpur,Rajpur Sonarpur,West Bengal,Museum,Bhaskar Bhavan State Museum inc,4.8,25,2.0,22.4293,88.4043,"Chintamoni Kar Saghrahalay in Rajpur Sonarpur, West Bengal. Museum. Bhaskar Bhavan State Museum inc"
Santiniketan Griha,Bolpur,Bolpur,India,Museum,museum in India,4.7,25,2.0,23.6813,87.6861,"Santiniketan Griha in Bolpur, India. Museum. museum in India"
Ancient Jain Temple (Museum Building),Gir Somnath District,Gir Somnath District,Gujarat,Museum,state protected monument of Gujarat,4.7,0,1.5,20.8906,70.4022,"Ancient Jain Temple (Museum Building) in Gir Somnath District, Gujarat. Museum. state protected monument of Gujarat"
Veer Kunwar Singh Museum,Bhojpur District,Bhojpur District,India,Museum,museum in Bhojpur,4.8,25,2.0,20.5937,78.9629,"Veer Kunwar Singh Museum in Bhojpur District, India. Museum. museum in Bhojpur"
Arachnology Museum Of Sant Gadge Baba Amravati University,Amravati,Amravati,Maharashtra,Museum,museum in India,4.6,25,2.0,20.5937,78.9629,"Arachnology Museum Of Sant Gadge Baba Amravati University in Amravati, Maharashtra. Museum. museum in India"
Parikshith Thampuran Museum,India,India,India,Museum,museum in India,4.3,25,2.0,20.5937,78.9629,"Parikshith Thampuran Museum in India, India. Museum. museum in India"
Odisha Printing Museum,Cuttack,Cuttack,Odisha,Museum,"media museum in Cuttack, Odisha, India",4.7,25,2.0,20.4441,85.8962,"Odisha Printing Museum in Cuttack, Odisha. Museum. media museum in Cuttack, Odisha, India"
Bengal Natural History Museum,Darjeeling,Darjeeling,West Bengal,Museum,"natural history museum in Darjeeling, West Bengal, India",4.9,25,2.0,27.0577,88.2546,"Bengal Natural History Museum in Darjeeling, West Bengal. Museum. natural history museum in Darjeeling, West Bengal, India"
Titus Museum,India,India,Delhi,Museum,"automobile museum in Delhi, India",4.5,25,2.0,28.456,-77.155,"Titus Museum in India, Delhi. Museum. automobile museum in Delhi, India"
Big Foot Museum,Goa,Goa,Goa,Museum,"museum and theme park in Goa, India",4.3,25,2.0,15.3396,73.9875,"Big Foot Museum in Goa, Goa. Museum. museum and theme park in Goa, India"
Rashtrapati Bhavan Museum,New Delhi,New Delhi,Delhi,Museum,"museum in New Delhi, India",4.6,25,2.0,28.6188,77.1967,"Rashtrapati Bhavan Museum in New Delhi, Delhi. Museum. museum in New Delhi, India"
Sri Aurobinda Sangrahalaya,Agar,Agar,Odisha,Museum,"museum in Nayagarh, Odisha, India",4.7,25,2.0,20.0921,85.1109,"Sri Aurobinda Sangrahalaya in Agar, Odisha. Museum. museum in Nayagarh, Odisha, India"
Deshbandhu Museum,Darjeeling,Darjeeling,West Bengal,Museum,"museum in Darjeeling, West Bengal, India",4.5,25,2.0,27.0468,88.2687,"Deshbandhu Museum in Darjeeling, West Bengal. Museum. museum in Darjeeling, West Bengal, India"
Ma Phire Elo,"Ward No. 87, Kolkata Municipal Corporation","Ward No. 87, Kolkata Municipal Corporation",West Bengal,Museum,museum in Kolkata which houses Durga Puja idols,4.9,25,2.0,22.5094,88.3591,"Ma Phire Elo in Ward No. 87, Kolkata Municipal Corporation, West Bengal. Museum. museum in Kolkata which houses Durga Puja idols"
Kerala Biodiversity Museum,Ananthapuram,Ananthapuram,India,Museum,"museum in Thiruvananthapuram, India",4.3,25,2.0,8.4786,76.9298,"Kerala Biodiversity Museum in Ananthapuram, India. Museum. museum in Thiruvananthapuram, India"
Mysore Sand Sculpture Museum,Mysore,Mysore,Karnataka,Museum,first sand sculpture museum in India,4.8,25,2.0,12.295,76.682,"Mysore Sand Sculpture Museum in Mysore, Karnataka. Museum. first sand sculpture museum in India"
Bandemataram Bhaban,Chinsurah,Chinsurah,West Bengal,Museum,"museum in Chinsurah, West Bengal, India",4.7,25,2.0,22.8937,88.4042,"Bandemataram Bhaban in Chinsurah, West Bengal. Museum. museum in Chinsurah, West Bengal, India"
Acharya Jogesh Chandra Purakriti Bhaban,Bishnupur,Bishnupur,West Bengal,Museum,"preserves the traditions of terracotta and other indigenous art forms at Bishnupur in Bankura district, West Bengal",4.4,25,2.0,23.0662,87.325,"Acharya Jogesh Chandra Purakriti Bhaban in Bishnupur, West Bengal. Museum. preserves the traditions of terracotta and other indigenous art forms at Bishnupur in Bankura district, West Bengal"
Nagaland State Museum,Kohima,Kohima,Nagaland,Museum,"museum Bayavü Hill, Kohima, Nagaland",4.7,25,2.0,25.685,94.1049,"Nagaland State Museum in Kohima, Nagaland. Museum. museum Bayavü Hill, Kohima, Nagaland"
Jain Museum,Khajuraho,Khajuraho,Madhya Pradesh,Museum,"museum in Khajuraho, Madhya Pradesh, India",4.7,25,2.0,24.8447,79.9358,"Jain Museum in Khajuraho, Madhya Pradesh. Museum. museum in Khajuraho, Madhya Pradesh, India"
Supreme Court Museum,India,India,India,Museum,museum dedicated to the journey of judiciary in India,4.8,25,2.0,20.5937,78.9629,"Supreme Court Museum in India, India. Museum. museum dedicated to the journey of judiciary in India"
Ramakrishna Mission Vidyapith Museum,Purulia Ii Community Development Block,Purulia Ii Community Development Block,India,Museum,museum in India,4.3,25,2.0,23.3579,86.3931,"Ramakrishna Mission Vidyapith Museum in Purulia Ii Community Development Block, India. Museum. museum in India"
Maharshi Karve Memorial,Pune,Pune,Maharashtra,Museum,"museum & memorial of Dhondo Keshav Karve in Pune, Maharashtra",4.5,25,2.0,18.4884,73.8152,"Maharshi Karve Memorial in Pune, Maharashtra. Museum. museum & memorial of Dhondo Keshav Karve in Pune, Maharashtra"
Shankar Memorial National Cartoon Museum And Art Gallery,India,India,Kerala,Museum,"art museum in Kayamkulam, Kerala",4.5,25,2.0,9.15,76.531,"Shankar Memorial National Cartoon Museum And Art Gallery in India, Kerala. Museum. art museum in Kayamkulam, Kerala"
Zapurza Museum Of Art & Culture,Pune,Pune,Maharashtra,Museum,"museum in Pune district, Maharashtra",4.6,25,2.0,18.4175,73.7371,"Zapurza Museum Of Art & Culture in Pune, Maharashtra. Museum. museum in Pune district, Maharashtra"
Ina War Museum,Manipur,Manipur,Manipur,Museum,War museum in Manipur,4.4,25,2.0,20.5937,78.9629,"Ina War Museum in Manipur, Manipur. Museum. War museum in Manipur"
Jaisalmer Fort Palace Museum,Jaisalmer,Jaisalmer,Rajasthan,Museum,"building at Jaisalmer Fort, Rajasthan, India",4.3,50,2.5,26.9126,70.9132,"Jaisalmer Fort Palace Museum in Jaisalmer, Rajasthan. Museum. building at Jaisalmer Fort, Rajasthan, India"
Tribal Museum Bhopal,Bhopal,Bhopal,Madhya Pradesh,Museum,"museum of tribal art in Madhya Pradesh, India",4.4,25,2.0,23.2344,77.3848,"Tribal Museum Bhopal in Bhopal, Madhya Pradesh. Museum. museum of tribal art in Madhya Pradesh, India"
Debagram Museum,Ranaghat Ii Community Development Block,Ranaghat Ii Community Development Block,Uttar Pradesh,Museum,Debagram Musem was established by Debagram Debal Raja Puratatwa o Loksanskriti Sangha headed by Dr Biswajit Roy on 25 June 2017.,4.3,25,2.0,23.1494,88.662,"Debagram Museum in Ranaghat Ii Community Development Block, Uttar Pradesh. Museum. Debagram Musem was established by Debagram Debal Raja Puratatwa o Loksanskriti Sangha headed by Dr Biswajit Roy on 25 June 2017."
Nehru Children'S Museum,"Ward No. 63, Kolkata Municipal Corporation","Ward No. 63, Kolkata Municipal Corporation",West Bengal,Museum,museum in Kolkata named after Pt. Jawaharlal Nehru,4.5,25,2.0,22.5423,88.3472,"Nehru Children'S Museum in Ward No. 63, Kolkata Municipal Corporation, West Bengal. Museum. museum in Kolkata named after Pt. Jawaharlal Nehru"
Maharaja Birendra Kishore Museum,India,India,India,Museum,cultural museum in Pushbanta Palace,4.9,25,2.0,20.5937,78.9629,"Maharaja Birendra Kishore Museum in India, India. Museum. cultural museum in Pushbanta Palace"
Amrapali Museum,Jaipur,Jaipur,Rajasthan,Museum,"museum in Jaipur, India",4.8,25,2.0,26.9152,75.8014,"Amrapali Museum in Jaipur, Rajasthan. Museum. museum in Jaipur, India"
Araku Tribal Museum,Araku,Araku,Andhra Pradesh,Museum,museum in Andhra Pradesh,4.3,25,2.0,18.3233,82.8775,"Araku Tribal Museum in Araku, Andhra Pradesh. Museum. museum in Andhra Pradesh"
Gun And Shell Factory Museum,"Ward No. 6, Kolkata Municipal Corporation","Ward No. 6, Kolkata Municipal Corporation",West Bengal,Museum,a gun and shell museum of Kolkata,4.7,25,2.0,22.6213,88.3726,"Gun And Shell Factory Museum in Ward No. 6, Kolkata Municipal Corporation, West Bengal. Museum. a gun and shell museum of Kolkata"
Imphal Peace Museum,Imphal,Imphal,Manipur,Museum,WWII museum in Manipur,4.5,25,2.0,24.7052,93.8174,"Imphal Peace Museum in Imphal, Manipur. Museum. WWII museum in Manipur"
Mahasweta Devi Sangraha Shala,"Ward No. 107, Kolkata Municipal Corporation","Ward No. 107, Kolkata Municipal Corporation",West Bengal,Museum,museum in Kolkata dedicated to renowned Indian writer Mahasweta Devi,4.9,25,2.0,22.5117,88.3978,"Mahasweta Devi Sangraha Shala in Ward No. 107, Kolkata Municipal Corporation, West Bengal. Museum. museum in Kolkata dedicated to renowned Indian writer Mahasweta Devi"
Rice Museum,India,India,India,Museum,Rice Museum at Pattambi,4.6,25,2.0,10.8107,76.19,"Rice Museum in India, India. Museum. Rice Museum at Pattambi"
Vidyasagar Smriti Mandir,Sagar,Sagar,Madhya Pradesh,Museum,museum in India,4.5,25,2.0,22.7193,87.659,"Vidyasagar Smriti Mandir in Sagar, Madhya Pradesh. Museum. museum in India"
Rishi Bankim Granthagar O Sangrahashala,Agar,Agar,India,Museum,library museum of Rishi Bankim Chandra Chattopadhyay,4.3,25,2.0,22.8833,88.4164,"Rishi Bankim Granthagar O Sangrahashala in Agar, India. Museum. library museum of Rishi Bankim Chandra Chattopadhyay"
Riwatch Museum,Lower Dibang Valley District,Lower Dibang Valley District,India,Museum,museum in India,4.9,25,2.0,28.0333,95.8125,"Riwatch Museum in Lower Dibang Valley District, India. Museum. museum in India"
