destination,city,state,category,description,activities,famous_for,suitable_for,best_season,rating,estimated_cost_per_day,duration_days,latitude,longitude,crowd_level,walking_level,country,search_text
Goa,Panaji,Goa,Beach & Nightlife,"India's premier beach paradise renowned for golden sand beaches, Portuguese colonial architecture, vibrant shacks, and water sports.","Beach hopping, Water sports, Nightlife, Fort exploration, Seafood dining","Baga Beach, Anjuna Flea Market, Dudhsagar Falls, Fort Aguada","Couples, Friends, Solo travelers",October to March (Pleasant & Breezy),4.8,2500,4,15.2993,74.124,High,Low,,"Goa in Goa. India's premier beach paradise renowned for golden sand beaches, Portuguese colonial architecture, vibrant shacks, and water sports. Category: Beach & Nightlife. Famous for: Baga Beach, Anjuna Flea Market, Dudhsagar Falls, Fort Aguada. Activities: Beach hopping, Water sports, Nightlife, Fort exploration, Seafood dining. Suitable for: Couples, Friends, Solo travelers. Best season: October to March (Pleasant & Breezy)"
Jaipur,Jaipur,Rajasthan,Heritage & Culture,"The Pink City of Rajasthan, famous for majestic hilltop forts, ornate royal palaces, vibrant bazaars, and rich culinary traditions.","Fort touring, Palace exploration, Street shopping in Johari Bazaar, Heritage photography","Hawa Mahal, Amber Fort, City Palace, Nahargarh Fort","Families, Couples, Solo travelers",October to March (Pleasant Winter),4.8,2200,3,26.9124,75.7873,High,Moderate,,"Jaipur in Rajasthan. The Pink City of Rajasthan, famous for majestic hilltop forts, ornate royal palaces, vibrant bazaars, and rich culinary traditions. Category: Heritage & Culture. Famous for: Hawa Mahal, Amber Fort, City Palace, Nahargarh Fort. Activities: Fort touring, Palace exploration, Street shopping in Johari Bazaar, Heritage photography. Suitable for: Families, Couples, Solo travelers. Best season: October to March (Pleasant Winter)"
Matheran,Matheran,Maharashtra,Hill Station & Nature,"Asia's only automobile-free hill station, nestled in the Western Ghats with lush forested red-soil trails, panoramic canyon cliffs, and peaceful tranquility.","Nature walks, Horseback riding, Sunset viewing, Toy train ride, Photography","Panorama Point, Charlotte Lake, Louisa Point, Toy Train","Couples, Peace seekers, Nature lovers, Families",September to February (Post-Monsoon & Winter),4.6,1800,2,18.9866,73.2676,Low,Low,,"Matheran in Maharashtra. Asia's only automobile-free hill station, nestled in the Western Ghats with lush forested red-soil trails, panoramic canyon cliffs, and peaceful tranquility. Category: Hill Station & Nature. Famous for: Panorama Point, Charlotte Lake, Louisa Point, Toy Train. Activities: Nature walks, Horseback riding, Sunset viewing, Toy train ride, Photography. Suitable for: Couples, Peace seekers, Nature lovers, Families. Best season: September to February (Post-Monsoon & Winter)"
Lonavala,Lonavala,Maharashtra,Hill Station & Weekend,"Popular Western Ghats hill retreat famous for dramatic monsoon waterfalls, ancient Buddhist rock-cut caves, rolling green valleys, and iconic chikki sweets.","Waterfall treks, Cave exploration, Lake picnics, Viewpoint visits","Tiger's Leap, Bhushi Dam, Karla Caves, Lion's Point","Friends, Families, Couples",June to September (Monsoon) & October to February,4.5,1900,2,18.7557,73.4091,High,Moderate,,"Lonavala in Maharashtra. Popular Western Ghats hill retreat famous for dramatic monsoon waterfalls, ancient Buddhist rock-cut caves, rolling green valleys, and iconic chikki sweets. Category: Hill Station & Weekend. Famous for: Tiger's Leap, Bhushi Dam, Karla Caves, Lion's Point. Activities: Waterfall treks, Cave exploration, Lake picnics, Viewpoint visits. Suitable for: Friends, Families, Couples. Best season: June to September (Monsoon) & October to February"
Mumbai,Mumbai,Maharashtra,Urban & Heritage,"The City of Dreams along the Arabian Sea, featuring grand Victorian Gothic architecture, historic seaside promenades, bustling street markets, and diverse culture.","Marine Drive strolls, Heritage architectural walks, Street food tours, Ferry rides to Elephanta","Gateway of India, Marine Drive, Elephanta Caves, Bandra","Solo, Friends, Families, Culture enthusiasts",November to February (Cool Winter),4.7,2800,3,18.922,72.8347,High,Low,,"Mumbai in Maharashtra. The City of Dreams along the Arabian Sea, featuring grand Victorian Gothic architecture, historic seaside promenades, bustling street markets, and diverse culture. Category: Urban & Heritage. Famous for: Gateway of India, Marine Drive, Elephanta Caves, Bandra. Activities: Marine Drive strolls, Heritage architectural walks, Street food tours, Ferry rides to Elephanta. Suitable for: Solo, Friends, Families, Culture enthusiasts. Best season: November to February (Cool Winter)"
Udaipur,Udaipur,Rajasthan,Romantic & Heritage,"The City of Lakes and Venice of the East, famed for shimmering Lake Pichola, gleaming marble palaces, romantic lakeside dining, and royal courtyards.","Lake boat cruises, Palace visits, Cultural folk dance at Bagore Ki Haveli, Rooftop dinners","City Palace, Lake Pichola, Jag Mandir, Saheliyon Ki Bari","Couples, Romantic trips, Families, Photography",October to March (Pleasant Winter),4.8,2600,3,24.5854,73.7125,Moderate,Low,,"Udaipur in Rajasthan. The City of Lakes and Venice of the East, famed for shimmering Lake Pichola, gleaming marble palaces, romantic lakeside dining, and royal courtyards. Category: Romantic & Heritage. Famous for: City Palace, Lake Pichola, Jag Mandir, Saheliyon Ki Bari. Activities: Lake boat cruises, Palace visits, Cultural folk dance at Bagore Ki Haveli, Rooftop dinners. Suitable for: Couples, Romantic trips, Families, Photography. Best season: October to March (Pleasant Winter)"
Munnar,Munnar,Kerala,Hill Station & Nature,"Scenic hill station in Kerala enveloped by rolling emerald tea plantations, mist-covered mountain valleys, cascading waterfalls, and cool mountain air.","Tea garden walks, Mountain trekking, Eravikulam National Park visits, Spice plantation tours","Tea Gardens, Anamudi Peak, Mattupetty Dam, Top Station","Couples, Nature lovers, Families",September to March (Pleasant & Misty),4.8,2100,3,10.0889,77.0595,Moderate,Moderate,,"Munnar in Kerala. Scenic hill station in Kerala enveloped by rolling emerald tea plantations, mist-covered mountain valleys, cascading waterfalls, and cool mountain air. Category: Hill Station & Nature. Famous for: Tea Gardens, Anamudi Peak, Mattupetty Dam, Top Station. Activities: Tea garden walks, Mountain trekking, Eravikulam National Park visits, Spice plantation tours. Suitable for: Couples, Nature lovers, Families. Best season: September to March (Pleasant & Misty)"
Gokarna,Gokarna,Karnataka,Beach & Peaceful,"Serene coastal temple town on the Arabian Sea with untouched beaches, dramatic cliffside trekking trails, laidback beach shacks, and sacred shrines.","Beach trekking, Cliffside sunset viewing, Temple visits, Relaxing yoga","Om Beach, Kudle Beach, Mahabaleshwar Temple, Half Moon Beach","Solo travelers, Peace seekers, Backpackers, Couples",October to March (Sunny & Mild),4.7,1600,3,14.5479,74.3188,Low,Moderate,,"Gokarna in Karnataka. Serene coastal temple town on the Arabian Sea with untouched beaches, dramatic cliffside trekking trails, laidback beach shacks, and sacred shrines. Category: Beach & Peaceful. Famous for: Om Beach, Kudle Beach, Mahabaleshwar Temple, Half Moon Beach. Activities: Beach trekking, Cliffside sunset viewing, Temple visits, Relaxing yoga. Suitable for: Solo travelers, Peace seekers, Backpackers, Couples. Best season: October to March (Sunny & Mild)"
Hampi,Hampi,Karnataka,Historical & Heritage,"UNESCO World Heritage Site with mesmerizing surreal boulder landscapes, monumental ruins of the 14th-century Vijayanagara Empire, and sacred riverside temples.","Monument exploration, Bicycle tours, Coracle boat rides on Tungabhadra, Sunset from Matanga Hill","Virupaksha Temple, Stone Chariot, Vittala Temple, Lotus Mahal","History buffs, Photographers, Solo, Backpackers",October to February (Cool Weather),4.8,1700,3,15.335,76.46,Moderate,High,,"Hampi in Karnataka. UNESCO World Heritage Site with mesmerizing surreal boulder landscapes, monumental ruins of the 14th-century Vijayanagara Empire, and sacred riverside temples. Category: Historical & Heritage. Famous for: Virupaksha Temple, Stone Chariot, Vittala Temple, Lotus Mahal. Activities: Monument exploration, Bicycle tours, Coracle boat rides on Tungabhadra, Sunset from Matanga Hill. Suitable for: History buffs, Photographers, Solo, Backpackers. Best season: October to February (Cool Weather)"
Manali,Manali,Himachal Pradesh,Adventure & Hill Station,"Thriving Himalayan resort town surrounded by soaring snowcapped peaks, dense pine forests, rushing Beas River waters, and thrilling adventure sports.","Skiing, Paragliding in Solang Valley, Trekking, Hot springs at Vashisht, Mountain cafe visits","Solang Valley, Rohtang Pass, Hadimba Temple, Old Manali","Adventure seekers, Couples, Friends","October to June (Snow in Winter, Mild in Summer)",4.7,2400,4,32.2432,77.1892,High,Moderate,,"Manali in Himachal Pradesh. Thriving Himalayan resort town surrounded by soaring snowcapped peaks, dense pine forests, rushing Beas River waters, and thrilling adventure sports. Category: Adventure & Hill Station. Famous for: Solang Valley, Rohtang Pass, Hadimba Temple, Old Manali. Activities: Skiing, Paragliding in Solang Valley, Trekking, Hot springs at Vashisht, Mountain cafe visits. Suitable for: Adventure seekers, Couples, Friends. Best season: October to June (Snow in Winter, Mild in Summer)"
Aurangabad,Aurangabad,Maharashtra,Scenic & Cultural,city in the district of Aurangabad,"Sightseeing, Local cuisine, Cultural exploration, Photography","Scenic & Cultural tourism, regional heritage, and sightseeing in Maharashtra","Couples, Families, Solo travelers, Friends",October to March (Winter),4.3,1900,3,19.88,75.32,Moderate,Moderate,India,"Aurangabad in Maharashtra. city in the district of Aurangabad Category: Scenic & Cultural. Famous for: Scenic & Cultural tourism, regional heritage, and sightseeing in Maharashtra. Activities: Sightseeing, Local cuisine, Cultural exploration, Photography. Suitable for: Couples, Families, Solo travelers, Friends. Best season: October to March (Winter)"
Rajkot,Rajkot,Gujarat,Scenic & Cultural,"city in Gujarat, India","Sightseeing, Local cuisine, Cultural exploration, Photography","Scenic & Cultural tourism, regional heritage, and sightseeing in Gujarat","Couples, Families, Solo travelers, Friends",October to March (Winter),4.2,1900,3,22.2917,70.7933,Moderate,Moderate,India,"Rajkot in Gujarat. city in Gujarat, India Category: Scenic & Cultural. Famous for: Scenic & Cultural tourism, regional heritage, and sightseeing in Gujarat. Activities: Sightseeing, Local cuisine, Cultural exploration, Photography. Suitable for: Couples, Families, Solo travelers, Friends. Best season: October to March (Winter)"
Bahraich,Bahraich,Uttar Pradesh,Scenic & Cultural,city in Indian state of Uttar Pradesh,"Sightseeing, Local cuisine, Cultural exploration, Photography","Scenic & Cultural tourism, regional heritage, and sightseeing in Uttar Pradesh","Couples, Families, Solo travelers, Friends",October to March (Winter),4.8,1900,3,27.5742,81.5958,Moderate,Moderate,India,"Bahraich in Uttar Pradesh. city in Indian state of Uttar Pradesh Category: Scenic & Cultural. Famous for: Scenic & Cultural tourism, regional heritage, and sightseeing in Uttar Pradesh. Activities: Sightseeing, Local cuisine, Cultural exploration, Photography. Suitable for: Couples, Families, Solo travelers, Friends. Best season: October to March (Winter)"
Ujjain,Ujjain,Madhya Pradesh,Scenic & Cultural,ancient city beside the Kshipra River in the central Indian state of Madhya Pradesh,"Sightseeing, Local cuisine, Cultural exploration, Photography","Scenic & Cultural tourism, regional heritage, and sightseeing in Madhya Pradesh","Couples, Families, Solo travelers, Friends",October to March (Winter),4.3,1900,3,23.1828,75.7772,Moderate,Moderate,India,"Ujjain in Madhya Pradesh. ancient city beside the Kshipra River in the central Indian state of Madhya Pradesh Category: Scenic & Cultural. Famous for: Scenic & Cultural tourism, regional heritage, and sightseeing in Madhya Pradesh. Activities: Sightseeing, Local cuisine, Cultural exploration, Photography. Suitable for: Couples, Families, Solo travelers, Friends. Best season: October to March (Winter)"
Erode,Erode,Tamil Nadu,Scenic & Cultural,"Village in Erode District, Tamil Nadu, India","Sightseeing, Local cuisine, Cultural exploration, Photography","Scenic & Cultural tourism, regional heritage, and sightseeing in Tamil Nadu","Couples, Families, Solo travelers, Friends",October to March (Winter),4.3,1900,3,11.3408,77.7172,Moderate,Moderate,India,"Erode in Tamil Nadu. Village in Erode District, Tamil Nadu, India Category: Scenic & Cultural. Famous for: Scenic & Cultural tourism, regional heritage, and sightseeing in Tamil Nadu. Activities: Sightseeing, Local cuisine, Cultural exploration, Photography. Suitable for: Couples, Families, Solo travelers, Friends. Best season: October to March (Winter)"
Junagadh,Junagadh,Gujarat,Scenic & Cultural,"city in Gujarat, India","Sightseeing, Local cuisine, Cultural exploration, Photography","Scenic & Cultural tourism, regional heritage, and sightseeing in Gujarat","Couples, Families, Solo travelers, Friends",October to March (Winter),4.2,1900,3,21.52,70.47,Moderate,Moderate,India,"Junagadh in Gujarat. city in Gujarat, India Category: Scenic & Cultural. Famous for: Scenic & Cultural tourism, regional heritage, and sightseeing in Gujarat. Activities: Sightseeing, Local cuisine, Cultural exploration, Photography. Suitable for: Couples, Families, Solo travelers, Friends. Best season: October to March (Winter)"
Hodal,Hodal,India,Scenic & Cultural,city,"Sightseeing, Local cuisine, Cultural exploration, Photography","Scenic & Cultural tourism, regional heritage, and sightseeing in India","Couples, Families, Solo travelers, Friends",October to March (Winter),4.2,1900,3,27.9,77.37,Moderate,Moderate,India,"Hodal in India. city Category: Scenic & Cultural. Famous for: Scenic & Cultural tourism, regional heritage, and sightseeing in India. Activities: Sightseeing, Local cuisine, Cultural exploration, Photography. Suitable for: Couples, Families, Solo travelers, Friends. Best season: October to March (Winter)"
Surat,Surat,Gujarat,Scenic & Cultural,"city in Gujarat, India","Sightseeing, Local cuisine, Cultural exploration, Photography","Scenic & Cultural tourism, regional heritage, and sightseeing in Gujarat","Couples, Families, Solo travelers, Friends",October to March (Winter),4.3,1900,3,21.205,72.84,Moderate,Moderate,India,"Surat in Gujarat. city in Gujarat, India Category: Scenic & Cultural. Famous for: Scenic & Cultural tourism, regional heritage, and sightseeing in Gujarat. Activities: Sightseeing, Local cuisine, Cultural exploration, Photography. Suitable for: Couples, Families, Solo travelers, Friends. Best season: October to March (Winter)"
Gandhinagar,Gandhinagar,Gujarat,Scenic & Cultural,"Capital of Gujarat State, India","Sightseeing, Local cuisine, Cultural exploration, Photography","Scenic & Cultural tourism, regional heritage, and sightseeing in Gujarat","Couples, Families, Solo travelers, Friends",October to March (Winter),4.7,1900,3,23.223,72.65,Moderate,Moderate,India,"Gandhinagar in Gujarat. Capital of Gujarat State, India Category: Scenic & Cultural. Famous for: Scenic & Cultural tourism, regional heritage, and sightseeing in Gujarat. Activities: Sightseeing, Local cuisine, Cultural exploration, Photography. Suitable for: Couples, Families, Solo travelers, Friends. Best season: October to March (Winter)"
Ajmer,Ajmer,Rajasthan,Scenic & Cultural,"city in Rajasthan, India","Sightseeing, Local cuisine, Cultural exploration, Photography","Scenic & Cultural tourism, regional heritage, and sightseeing in Rajasthan","Couples, Families, Solo travelers, Friends",October to March (Winter),4.7,1900,3,26.468,74.639,Moderate,Moderate,India,"Ajmer in Rajasthan. city in Rajasthan, India Category: Scenic & Cultural. Famous for: Scenic & Cultural tourism, regional heritage, and sightseeing in Rajasthan. Activities: Sightseeing, Local cuisine, Cultural exploration, Photography. Suitable for: Couples, Families, Solo travelers, Friends. Best season: October to March (Winter)"
Ghaziabad,Ghaziabad,Uttar Pradesh,Scenic & Cultural,city in the Indian state of Uttar Pradesh,"Sightseeing, Local cuisine, Cultural exploration, Photography","Scenic & Cultural tourism, regional heritage, and sightseeing in Uttar Pradesh","Couples, Families, Solo travelers, Friends",October to March (Winter),4.5,1900,3,28.6667,77.4167,Moderate,Moderate,India,"Ghaziabad in Uttar Pradesh. city in the Indian state of Uttar Pradesh Category: Scenic & Cultural. Famous for: Scenic & Cultural tourism, regional heritage, and sightseeing in Uttar Pradesh. Activities: Sightseeing, Local cuisine, Cultural exploration, Photography. Suitable for: Couples, Families, Solo travelers, Friends. Best season: October to March (Winter)"
Orchha,Orchha,Madhya Pradesh,Scenic & Cultural,"town in Niwari district, Madhya Pradesh, India","Sightseeing, Local cuisine, Cultural exploration, Photography","Scenic & Cultural tourism, regional heritage, and sightseeing in Madhya Pradesh","Couples, Families, Solo travelers, Friends",October to March (Winter),4.3,1900,3,25.35,78.64,Moderate,Moderate,India,"Orchha in Madhya Pradesh. town in Niwari district, Madhya Pradesh, India Category: Scenic & Cultural. Famous for: Scenic & Cultural tourism, regional heritage, and sightseeing in Madhya Pradesh. Activities: Sightseeing, Local cuisine, Cultural exploration, Photography. Suitable for: Couples, Families, Solo travelers, Friends. Best season: October to March (Winter)"
Cuttack,Cuttack,Odisha,Scenic & Cultural,"second largest city of Odisha, India","Sightseeing, Local cuisine, Cultural exploration, Photography","Scenic & Cultural tourism, regional heritage, and sightseeing in Odisha","Couples, Families, Solo travelers, Friends",October to March (Winter),4.5,1900,3,20.45,85.8667,Moderate,Moderate,India,"Cuttack in Odisha. second largest city of Odisha, India Category: Scenic & Cultural. Famous for: Scenic & Cultural tourism, regional heritage, and sightseeing in Odisha. Activities: Sightseeing, Local cuisine, Cultural exploration, Photography. Suitable for: Couples, Families, Solo travelers, Friends. Best season: October to March (Winter)"
Jodhpur,Jodhpur,Rajasthan,Scenic & Cultural,"city in Rajasthan, India","Sightseeing, Local cuisine, Cultural exploration, Photography","Scenic & Cultural tourism, regional heritage, and sightseeing in Rajasthan","Couples, Families, Solo travelers, Friends",October to March (Winter),4.3,1900,3,26.2944,73.0278,Moderate,Moderate,India,"Jodhpur in Rajasthan. city in Rajasthan, India Category: Scenic & Cultural. Famous for: Scenic & Cultural tourism, regional heritage, and sightseeing in Rajasthan. Activities: Sightseeing, Local cuisine, Cultural exploration, Photography. Suitable for: Couples, Families, Solo travelers, Friends. Best season: October to March (Winter)"
Daman,Daman,India,Scenic & Cultural,city in India,"Sightseeing, Local cuisine, Cultural exploration, Photography","Scenic & Cultural tourism, regional heritage, and sightseeing in India","Couples, Families, Solo travelers, Friends",October to March (Winter),4.6,1900,3,20.4169,72.834,Moderate,Moderate,India,"Daman in India. city in India Category: Scenic & Cultural. Famous for: Scenic & Cultural tourism, regional heritage, and sightseeing in India. Activities: Sightseeing, Local cuisine, Cultural exploration, Photography. Suitable for: Couples, Families, Solo travelers, Friends. Best season: October to March (Winter)"
Jabalpur,Jabalpur,Madhya Pradesh,Scenic & Cultural,"city in Madhya Pradesh, India","Sightseeing, Local cuisine, Cultural exploration, Photography","Scenic & Cultural tourism, regional heritage, and sightseeing in Madhya Pradesh","Couples, Families, Solo travelers, Friends",October to March (Winter),4.5,1900,3,23.1667,79.9333,Moderate,Moderate,India,"Jabalpur in Madhya Pradesh. city in Madhya Pradesh, India Category: Scenic & Cultural. Famous for: Scenic & Cultural tourism, regional heritage, and sightseeing in Madhya Pradesh. Activities: Sightseeing, Local cuisine, Cultural exploration, Photography. Suitable for: Couples, Families, Solo travelers, Friends. Best season: October to March (Winter)"
Dhar,Dhar,India,Heritage & Culture,historic city in central India,"Historical monuments, Architecture exploration, Guided walks, Photography","Heritage & Culture tourism, regional heritage, and sightseeing in India","Couples, Families, Solo travelers, Friends",October to March (Pleasant Winter),4.8,2000,3,22.5992,75.3028,Moderate,Moderate,India,"Dhar in India. historic city in central India Category: Heritage & Culture. Famous for: Heritage & Culture tourism, regional heritage, and sightseeing in India. Activities: Historical monuments, Architecture exploration, Guided walks, Photography. Suitable for: Couples, Families, Solo travelers, Friends. Best season: October to March (Pleasant Winter)"
Hastinapur,Hastinapur,India,Scenic & Cultural,city,"Sightseeing, Local cuisine, Cultural exploration, Photography","Scenic & Cultural tourism, regional heritage, and sightseeing in India","Couples, Families, Solo travelers, Friends",October to March (Winter),4.5,1900,3,29.2833,78.0333,Moderate,Moderate,India,"Hastinapur in India. city Category: Scenic & Cultural. Famous for: Scenic & Cultural tourism, regional heritage, and sightseeing in India. Activities: Sightseeing, Local cuisine, Cultural exploration, Photography. Suitable for: Couples, Families, Solo travelers, Friends. Best season: October to March (Winter)"
Agar,Agar,India,Scenic & Cultural,human settlement,"Sightseeing, Local cuisine, Cultural exploration, Photography","Scenic & Cultural tourism, regional heritage, and sightseeing in India","Couples, Families, Solo travelers, Friends",October to March (Winter),4.5,1900,3,23.7,76.02,Moderate,Moderate,India,"Agar in India. human settlement Category: Scenic & Cultural. Famous for: Scenic & Cultural tourism, regional heritage, and sightseeing in India. Activities: Sightseeing, Local cuisine, Cultural exploration, Photography. Suitable for: Couples, Families, Solo travelers, Friends. Best season: October to March (Winter)"
Balrampur,Balrampur,India,Scenic & Cultural,city,"Sightseeing, Local cuisine, Cultural exploration, Photography","Scenic & Cultural tourism, regional heritage, and sightseeing in India","Couples, Families, Solo travelers, Friends",October to March (Winter),4.7,1900,3,27.4295,82.1855,Moderate,Moderate,India,"Balrampur in India. city Category: Scenic & Cultural. Famous for: Scenic & Cultural tourism, regional heritage, and sightseeing in India. Activities: Sightseeing, Local cuisine, Cultural exploration, Photography. Suitable for: Couples, Families, Solo travelers, Friends. Best season: October to March (Winter)"
Aligarh,Aligarh,Uttar Pradesh,Scenic & Cultural,"city in Aligarh district of Uttar Pradesh, India","Sightseeing, Local cuisine, Cultural exploration, Photography","Scenic & Cultural tourism, regional heritage, and sightseeing in Uttar Pradesh","Couples, Families, Solo travelers, Friends",October to March (Winter),4.8,1900,3,27.88,78.08,Moderate,Moderate,India,"Aligarh in Uttar Pradesh. city in Aligarh district of Uttar Pradesh, India Category: Scenic & Cultural. Famous for: Scenic & Cultural tourism, regional heritage, and sightseeing in Uttar Pradesh. Activities: Sightseeing, Local cuisine, Cultural exploration, Photography. Suitable for: Couples, Families, Solo travelers, Friends. Best season: October to March (Winter)"
Farrukhabad,Farrukhabad,Uttar Pradesh,Scenic & Cultural,"city in Uttar Pradesh, India","Sightseeing, Local cuisine, Cultural exploration, Photography","Scenic & Cultural tourism, regional heritage, and sightseeing in Uttar Pradesh","Couples, Families, Solo travelers, Friends",October to March (Winter),4.5,1900,3,27.3914,79.5792,Moderate,Moderate,India,"Farrukhabad in Uttar Pradesh. city in Uttar Pradesh, India Category: Scenic & Cultural. Famous for: Scenic & Cultural tourism, regional heritage, and sightseeing in Uttar Pradesh. Activities: Sightseeing, Local cuisine, Cultural exploration, Photography. Suitable for: Couples, Families, Solo travelers, Friends. Best season: October to March (Winter)"
Meerut,Meerut,Uttar Pradesh,Scenic & Cultural,"metropolitan city in Uttar Pradesh, India","Sightseeing, Local cuisine, Cultural exploration, Photography","Scenic & Cultural tourism, regional heritage, and sightseeing in Uttar Pradesh","Couples, Families, Solo travelers, Friends",October to March (Winter),4.5,1900,3,28.98,77.7064,Moderate,Moderate,India,"Meerut in Uttar Pradesh. metropolitan city in Uttar Pradesh, India Category: Scenic & Cultural. Famous for: Scenic & Cultural tourism, regional heritage, and sightseeing in Uttar Pradesh. Activities: Sightseeing, Local cuisine, Cultural exploration, Photography. Suitable for: Couples, Families, Solo travelers, Friends. Best season: October to March (Winter)"
Bengaluru,Bengaluru,Karnataka,Scenic & Cultural,capital city of Karnataka state in India,"Sightseeing, Local cuisine, Cultural exploration, Photography","Scenic & Cultural tourism, regional heritage, and sightseeing in Karnataka","Couples, Families, Solo travelers, Friends",October to March (Winter),4.2,1900,3,12.9791,77.5913,Moderate,Moderate,India,"Bengaluru in Karnataka. capital city of Karnataka state in India Category: Scenic & Cultural. Famous for: Scenic & Cultural tourism, regional heritage, and sightseeing in Karnataka. Activities: Sightseeing, Local cuisine, Cultural exploration, Photography. Suitable for: Couples, Families, Solo travelers, Friends. Best season: October to March (Winter)"
Pondicherry,Pondicherry,Puducherry,Beach,"city in the Union Territory of Puducherry, India","Beach walks, Water sports, Sunset viewing, Seafood dining, Relaxation","Beach tourism, regional heritage, and sightseeing in Puducherry","Couples, Families, Solo travelers, Friends",October to March (Winter & Post-Monsoon),4.4,2500,3,11.93,79.83,Moderate,Low,India,"Pondicherry in Puducherry. city in the Union Territory of Puducherry, India Category: Beach. Famous for: Beach tourism, regional heritage, and sightseeing in Puducherry. Activities: Beach walks, Water sports, Sunset viewing, Seafood dining, Relaxation. Suitable for: Couples, Families, Solo travelers, Friends. Best season: October to March (Winter & Post-Monsoon)"
Ambala,Ambala,Haryana,Scenic & Cultural,"Ambala, is a city and a municipal corporation in Ambala district in the state of Haryana, India,","Sightseeing, Local cuisine, Cultural exploration, Photography","Scenic & Cultural tourism, regional heritage, and sightseeing in Haryana","Couples, Families, Solo travelers, Friends",October to March (Winter),4.8,1900,3,30.3786,76.7725,Moderate,Moderate,India,"Ambala in Haryana. Ambala, is a city and a municipal corporation in Ambala district in the state of Haryana, India, Category: Scenic & Cultural. Famous for: Scenic & Cultural tourism, regional heritage, and sightseeing in Haryana. Activities: Sightseeing, Local cuisine, Cultural exploration, Photography. Suitable for: Couples, Families, Solo travelers, Friends. Best season: October to March (Winter)"
Kozhikode,Kozhikode,Kerala,Scenic & Cultural,"city in Kerala, India","Sightseeing, Local cuisine, Cultural exploration, Photography","Scenic & Cultural tourism, regional heritage, and sightseeing in Kerala","Couples, Families, Solo travelers, Friends",October to March (Winter),4.2,1900,3,11.2478,75.7803,Moderate,Moderate,India,"Kozhikode in Kerala. city in Kerala, India Category: Scenic & Cultural. Famous for: Scenic & Cultural tourism, regional heritage, and sightseeing in Kerala. Activities: Sightseeing, Local cuisine, Cultural exploration, Photography. Suitable for: Couples, Families, Solo travelers, Friends. Best season: October to March (Winter)"
Imphal,Imphal,Manipur,Scenic & Cultural,capital of the Indian state of Manipur,"Sightseeing, Local cuisine, Cultural exploration, Photography","Scenic & Cultural tourism, regional heritage, and sightseeing in Manipur","Couples, Families, Solo travelers, Friends",October to March (Winter),4.6,1900,3,24.82,93.95,Moderate,Moderate,India,"Imphal in Manipur. capital of the Indian state of Manipur Category: Scenic & Cultural. Famous for: Scenic & Cultural tourism, regional heritage, and sightseeing in Manipur. Activities: Sightseeing, Local cuisine, Cultural exploration, Photography. Suitable for: Couples, Families, Solo travelers, Friends. Best season: October to March (Winter)"
Pune,Pune,Maharashtra,Scenic & Cultural,"metropolis in Maharashtra, India","Sightseeing, Local cuisine, Cultural exploration, Photography","Scenic & Cultural tourism, regional heritage, and sightseeing in Maharashtra","Couples, Families, Solo travelers, Friends",October to March (Winter),4.5,1900,3,18.5211,73.8553,Moderate,Moderate,India,"Pune in Maharashtra. metropolis in Maharashtra, India Category: Scenic & Cultural. Famous for: Scenic & Cultural tourism, regional heritage, and sightseeing in Maharashtra. Activities: Sightseeing, Local cuisine, Cultural exploration, Photography. Suitable for: Couples, Families, Solo travelers, Friends. Best season: October to March (Winter)"
Balotra,Balotra,Rajasthan,Scenic & Cultural,"city in Barmer district, Rajasthan, India","Sightseeing, Local cuisine, Cultural exploration, Photography","Scenic & Cultural tourism, regional heritage, and sightseeing in Rajasthan","Couples, Families, Solo travelers, Friends",October to March (Winter),4.2,1900,3,25.83,72.23,Moderate,Moderate,India,"Balotra in Rajasthan. city in Barmer district, Rajasthan, India Category: Scenic & Cultural. Famous for: Scenic & Cultural tourism, regional heritage, and sightseeing in Rajasthan. Activities: Sightseeing, Local cuisine, Cultural exploration, Photography. Suitable for: Couples, Families, Solo travelers, Friends. Best season: October to March (Winter)"
Tirunelveli,Tirunelveli,Tamil Nadu,Scenic & Cultural,"city in Tamil Nadu, South India","Sightseeing, Local cuisine, Cultural exploration, Photography","Scenic & Cultural tourism, regional heritage, and sightseeing in Tamil Nadu","Couples, Families, Solo travelers, Friends",October to March (Winter),4.8,1900,3,8.7289,77.7081,Moderate,Moderate,India,"Tirunelveli in Tamil Nadu. city in Tamil Nadu, South India Category: Scenic & Cultural. Famous for: Scenic & Cultural tourism, regional heritage, and sightseeing in Tamil Nadu. Activities: Sightseeing, Local cuisine, Cultural exploration, Photography. Suitable for: Couples, Families, Solo travelers, Friends. Best season: October to March (Winter)"
Coimbatore,Coimbatore,Tamil Nadu,Scenic & Cultural,"city in Tamil Nadu, India","Sightseeing, Local cuisine, Cultural exploration, Photography","Scenic & Cultural tourism, regional heritage, and sightseeing in Tamil Nadu","Couples, Families, Solo travelers, Friends",October to March (Winter),4.5,1900,3,11.0008,76.9633,Moderate,Moderate,India,"Coimbatore in Tamil Nadu. city in Tamil Nadu, India Category: Scenic & Cultural. Famous for: Scenic & Cultural tourism, regional heritage, and sightseeing in Tamil Nadu. Activities: Sightseeing, Local cuisine, Cultural exploration, Photography. Suitable for: Couples, Families, Solo travelers, Friends. Best season: October to March (Winter)"
Vadodara,Vadodara,Gujarat,Scenic & Cultural,"metropolis in Gujarat, India","Sightseeing, Local cuisine, Cultural exploration, Photography","Scenic & Cultural tourism, regional heritage, and sightseeing in Gujarat","Couples, Families, Solo travelers, Friends",October to March (Winter),4.4,1900,3,22.3,73.2,Moderate,Moderate,India,"Vadodara in Gujarat. metropolis in Gujarat, India Category: Scenic & Cultural. Famous for: Scenic & Cultural tourism, regional heritage, and sightseeing in Gujarat. Activities: Sightseeing, Local cuisine, Cultural exploration, Photography. Suitable for: Couples, Families, Solo travelers, Friends. Best season: October to March (Winter)"
Kolhapur,Kolhapur,Maharashtra,Scenic & Cultural,"city in Maharashtra, India","Sightseeing, Local cuisine, Cultural exploration, Photography","Scenic & Cultural tourism, regional heritage, and sightseeing in Maharashtra","Couples, Families, Solo travelers, Friends",October to March (Winter),4.4,1900,3,16.7,74.2333,Moderate,Moderate,India,"Kolhapur in Maharashtra. city in Maharashtra, India Category: Scenic & Cultural. Famous for: Scenic & Cultural tourism, regional heritage, and sightseeing in Maharashtra. Activities: Sightseeing, Local cuisine, Cultural exploration, Photography. Suitable for: Couples, Families, Solo travelers, Friends. Best season: October to March (Winter)"
Ulhasnagar,Ulhasnagar,Maharashtra,Scenic & Cultural,a suburb of Mumbai,"Sightseeing, Local cuisine, Cultural exploration, Photography","Scenic & Cultural tourism, regional heritage, and sightseeing in Maharashtra","Couples, Families, Solo travelers, Friends",October to March (Winter),4.2,1900,3,19.2167,73.15,Moderate,Moderate,India,"Ulhasnagar in Maharashtra. a suburb of Mumbai Category: Scenic & Cultural. Famous for: Scenic & Cultural tourism, regional heritage, and sightseeing in Maharashtra. Activities: Sightseeing, Local cuisine, Cultural exploration, Photography. Suitable for: Couples, Families, Solo travelers, Friends. Best season: October to March (Winter)"
Kanchipuram,Kanchipuram,Tamil Nadu,Scenic & Cultural,"city in Tamil Nadu, India","Sightseeing, Local cuisine, Cultural exploration, Photography","Scenic & Cultural tourism, regional heritage, and sightseeing in Tamil Nadu","Couples, Families, Solo travelers, Friends",October to March (Winter),4.3,1900,3,12.8308,79.7078,Moderate,Moderate,India,"Kanchipuram in Tamil Nadu. city in Tamil Nadu, India Category: Scenic & Cultural. Famous for: Scenic & Cultural tourism, regional heritage, and sightseeing in Tamil Nadu. Activities: Sightseeing, Local cuisine, Cultural exploration, Photography. Suitable for: Couples, Families, Solo travelers, Friends. Best season: October to March (Winter)"
Bareilly,Bareilly,Uttar Pradesh,Scenic & Cultural,"city in Uttar Pradesh, India","Sightseeing, Local cuisine, Cultural exploration, Photography","Scenic & Cultural tourism, regional heritage, and sightseeing in Uttar Pradesh","Couples, Families, Solo travelers, Friends",October to March (Winter),4.7,1900,3,28.364,79.415,Moderate,Moderate,India,"Bareilly in Uttar Pradesh. city in Uttar Pradesh, India Category: Scenic & Cultural. Famous for: Scenic & Cultural tourism, regional heritage, and sightseeing in Uttar Pradesh. Activities: Sightseeing, Local cuisine, Cultural exploration, Photography. Suitable for: Couples, Families, Solo travelers, Friends. Best season: October to March (Winter)"
Shillong,Shillong,Meghalaya,Scenic & Cultural,"capital city of Meghalaya, India","Sightseeing, Local cuisine, Cultural exploration, Photography","Scenic & Cultural tourism, regional heritage, and sightseeing in Meghalaya","Couples, Families, Solo travelers, Friends",October to March (Winter),4.8,1900,3,25.5744,91.8789,Moderate,Moderate,India,"Shillong in Meghalaya. capital city of Meghalaya, India Category: Scenic & Cultural. Famous for: Scenic & Cultural tourism, regional heritage, and sightseeing in Meghalaya. Activities: Sightseeing, Local cuisine, Cultural exploration, Photography. Suitable for: Couples, Families, Solo travelers, Friends. Best season: October to March (Winter)"
Bikaner,Bikaner,Rajasthan,Scenic & Cultural,"city in Bikaner district, Rajasthan, India","Sightseeing, Local cuisine, Cultural exploration, Photography","Scenic & Cultural tourism, regional heritage, and sightseeing in Rajasthan","Couples, Families, Solo travelers, Friends",October to March (Winter),4.7,1900,3,28.0181,73.3169,Moderate,Moderate,India,"Bikaner in Rajasthan. city in Bikaner district, Rajasthan, India Category: Scenic & Cultural. Famous for: Scenic & Cultural tourism, regional heritage, and sightseeing in Rajasthan. Activities: Sightseeing, Local cuisine, Cultural exploration, Photography. Suitable for: Couples, Families, Solo travelers, Friends. Best season: October to March (Winter)"
Patiala,Patiala,Punjab,Scenic & Cultural,"city in Punjab, India","Sightseeing, Local cuisine, Cultural exploration, Photography","Scenic & Cultural tourism, regional heritage, and sightseeing in Punjab","Couples, Families, Solo travelers, Friends",October to March (Winter),4.8,1900,3,30.5667,76.6333,Moderate,Moderate,India,"Patiala in Punjab. city in Punjab, India Category: Scenic & Cultural. Famous for: Scenic & Cultural tourism, regional heritage, and sightseeing in Punjab. Activities: Sightseeing, Local cuisine, Cultural exploration, Photography. Suitable for: Couples, Families, Solo travelers, Friends. Best season: October to March (Winter)"
Nagpur,Nagpur,Maharashtra,Scenic & Cultural,"city in Maharashtra, India","Sightseeing, Local cuisine, Cultural exploration, Photography","Scenic & Cultural tourism, regional heritage, and sightseeing in Maharashtra","Couples, Families, Solo travelers, Friends",October to March (Winter),4.5,1900,3,21.1497,79.0806,Moderate,Moderate,India,"Nagpur in Maharashtra. city in Maharashtra, India Category: Scenic & Cultural. Famous for: Scenic & Cultural tourism, regional heritage, and sightseeing in Maharashtra. Activities: Sightseeing, Local cuisine, Cultural exploration, Photography. Suitable for: Couples, Families, Solo travelers, Friends. Best season: October to March (Winter)"
Srivijayapuram,Srivijayapuram,Andaman And Nicobar Islands,Scenic & Cultural,"capital city of the Andaman and Nicobar Islands, India","Sightseeing, Local cuisine, Cultural exploration, Photography","Scenic & Cultural tourism, regional heritage, and sightseeing in Andaman And Nicobar Islands","Couples, Families, Solo travelers, Friends",October to March (Winter),4.3,1900,3,11.6667,92.75,Moderate,Moderate,India,"Srivijayapuram in Andaman And Nicobar Islands. capital city of the Andaman and Nicobar Islands, India Category: Scenic & Cultural. Famous for: Scenic & Cultural tourism, regional heritage, and sightseeing in Andaman And Nicobar Islands. Activities: Sightseeing, Local cuisine, Cultural exploration, Photography. Suitable for: Couples, Families, Solo travelers, Friends. Best season: October to March (Winter)"
Thane,Thane,Maharashtra,Scenic & Cultural,"a city in Maharashtra, India","Sightseeing, Local cuisine, Cultural exploration, Photography","Scenic & Cultural tourism, regional heritage, and sightseeing in Maharashtra","Couples, Families, Solo travelers, Friends",October to March (Winter),4.5,1900,3,19.18,72.9633,Moderate,Moderate,India,"Thane in Maharashtra. a city in Maharashtra, India Category: Scenic & Cultural. Famous for: Scenic & Cultural tourism, regional heritage, and sightseeing in Maharashtra. Activities: Sightseeing, Local cuisine, Cultural exploration, Photography. Suitable for: Couples, Families, Solo travelers, Friends. Best season: October to March (Winter)"
Tiruchirappalli,Tiruchirappalli,Tamil Nadu,Scenic & Cultural,"metropolis in Tamil Nadu, India","Sightseeing, Local cuisine, Cultural exploration, Photography","Scenic & Cultural tourism, regional heritage, and sightseeing in Tamil Nadu","Couples, Families, Solo travelers, Friends",October to March (Winter),4.6,1900,3,10.8269,78.6928,Moderate,Moderate,India,"Tiruchirappalli in Tamil Nadu. metropolis in Tamil Nadu, India Category: Scenic & Cultural. Famous for: Scenic & Cultural tourism, regional heritage, and sightseeing in Tamil Nadu. Activities: Sightseeing, Local cuisine, Cultural exploration, Photography. Suitable for: Couples, Families, Solo travelers, Friends. Best season: October to March (Winter)"
Mysore,Mysore,Karnataka,Scenic & Cultural,"city in Karnataka, India","Sightseeing, Local cuisine, Cultural exploration, Photography","Scenic & Cultural tourism, regional heritage, and sightseeing in Karnataka","Couples, Families, Solo travelers, Friends",October to March (Winter),4.2,1900,3,12.3086,76.6531,Moderate,Moderate,India,"Mysore in Karnataka. city in Karnataka, India Category: Scenic & Cultural. Famous for: Scenic & Cultural tourism, regional heritage, and sightseeing in Karnataka. Activities: Sightseeing, Local cuisine, Cultural exploration, Photography. Suitable for: Couples, Families, Solo travelers, Friends. Best season: October to March (Winter)"
Jamnagar,Jamnagar,Gujarat,Scenic & Cultural,Indian city in the state of Gujarat,"Sightseeing, Local cuisine, Cultural exploration, Photography","Scenic & Cultural tourism, regional heritage, and sightseeing in Gujarat","Couples, Families, Solo travelers, Friends",October to March (Winter),4.3,1900,3,22.47,70.07,Moderate,Moderate,India,"Jamnagar in Gujarat. Indian city in the state of Gujarat Category: Scenic & Cultural. Famous for: Scenic & Cultural tourism, regional heritage, and sightseeing in Gujarat. Activities: Sightseeing, Local cuisine, Cultural exploration, Photography. Suitable for: Couples, Families, Solo travelers, Friends. Best season: October to March (Winter)"
Narmadapuram,Narmadapuram,India,Scenic & Cultural,city in India,"Sightseeing, Local cuisine, Cultural exploration, Photography","Scenic & Cultural tourism, regional heritage, and sightseeing in India","Couples, Families, Solo travelers, Friends",October to March (Winter),4.2,1900,3,22.75,77.72,Moderate,Moderate,India,"Narmadapuram in India. city in India Category: Scenic & Cultural. Famous for: Scenic & Cultural tourism, regional heritage, and sightseeing in India. Activities: Sightseeing, Local cuisine, Cultural exploration, Photography. Suitable for: Couples, Families, Solo travelers, Friends. Best season: October to March (Winter)"
Akola,Akola,Maharashtra,Scenic & Cultural,"city in Maharashtra, India","Sightseeing, Local cuisine, Cultural exploration, Photography","Scenic & Cultural tourism, regional heritage, and sightseeing in Maharashtra","Couples, Families, Solo travelers, Friends",October to March (Winter),4.3,1900,3,20.7333,77.0,Moderate,Moderate,India,"Akola in Maharashtra. city in Maharashtra, India Category: Scenic & Cultural. Famous for: Scenic & Cultural tourism, regional heritage, and sightseeing in Maharashtra. Activities: Sightseeing, Local cuisine, Cultural exploration, Photography. Suitable for: Couples, Families, Solo travelers, Friends. Best season: October to March (Winter)"
Solan,Solan,Himachal Pradesh,Scenic & Cultural,city in Himachal Pradesh,"Sightseeing, Local cuisine, Cultural exploration, Photography","Scenic & Cultural tourism, regional heritage, and sightseeing in Himachal Pradesh","Couples, Families, Solo travelers, Friends",October to March (Winter),4.7,1900,3,30.92,77.12,Moderate,Moderate,India,"Solan in Himachal Pradesh. city in Himachal Pradesh Category: Scenic & Cultural. Famous for: Scenic & Cultural tourism, regional heritage, and sightseeing in Himachal Pradesh. Activities: Sightseeing, Local cuisine, Cultural exploration, Photography. Suitable for: Couples, Families, Solo travelers, Friends. Best season: October to March (Winter)"
Sanguem,Sanguem,Goa,Scenic & Cultural,city,"Sightseeing, Local cuisine, Cultural exploration, Photography","Scenic & Cultural tourism, regional heritage, and sightseeing in Goa","Couples, Families, Solo travelers, Friends",October to March (Winter),4.3,1900,3,15.23,74.17,Moderate,Moderate,India,"Sanguem in Goa. city Category: Scenic & Cultural. Famous for: Scenic & Cultural tourism, regional heritage, and sightseeing in Goa. Activities: Sightseeing, Local cuisine, Cultural exploration, Photography. Suitable for: Couples, Families, Solo travelers, Friends. Best season: October to March (Winter)"
Bidar,Bidar,Karnataka,Scenic & Cultural,"city in Karnataka, India","Sightseeing, Local cuisine, Cultural exploration, Photography","Scenic & Cultural tourism, regional heritage, and sightseeing in Karnataka","Couples, Families, Solo travelers, Friends",October to March (Winter),4.7,1900,3,17.9,77.55,Moderate,Moderate,India,"Bidar in Karnataka. city in Karnataka, India Category: Scenic & Cultural. Famous for: Scenic & Cultural tourism, regional heritage, and sightseeing in Karnataka. Activities: Sightseeing, Local cuisine, Cultural exploration, Photography. Suitable for: Couples, Families, Solo travelers, Friends. Best season: October to March (Winter)"
Panaji,Panaji,Goa,Scenic & Cultural,capital city of Goa,"Sightseeing, Local cuisine, Cultural exploration, Photography","Scenic & Cultural tourism, regional heritage, and sightseeing in Goa","Couples, Families, Solo travelers, Friends",October to March (Winter),4.5,1900,3,15.48,73.83,Moderate,Moderate,India,"Panaji in Goa. capital city of Goa Category: Scenic & Cultural. Famous for: Scenic & Cultural tourism, regional heritage, and sightseeing in Goa. Activities: Sightseeing, Local cuisine, Cultural exploration, Photography. Suitable for: Couples, Families, Solo travelers, Friends. Best season: October to March (Winter)"
Kochi,Kochi,Kerala,Scenic & Cultural,"city in Kerala, India","Sightseeing, Local cuisine, Cultural exploration, Photography","Scenic & Cultural tourism, regional heritage, and sightseeing in Kerala","Couples, Families, Solo travelers, Friends",October to March (Winter),4.8,1900,3,9.9667,76.2833,Moderate,Moderate,India,"Kochi in Kerala. city in Kerala, India Category: Scenic & Cultural. Famous for: Scenic & Cultural tourism, regional heritage, and sightseeing in Kerala. Activities: Sightseeing, Local cuisine, Cultural exploration, Photography. Suitable for: Couples, Families, Solo travelers, Friends. Best season: October to March (Winter)"
Salem,Salem,Tamil Nadu,Scenic & Cultural,"Metropolis in Tamil Nadu, India","Sightseeing, Local cuisine, Cultural exploration, Photography","Scenic & Cultural tourism, regional heritage, and sightseeing in Tamil Nadu","Couples, Families, Solo travelers, Friends",October to March (Winter),4.8,1900,3,11.65,78.1667,Moderate,Moderate,India,"Salem in Tamil Nadu. Metropolis in Tamil Nadu, India Category: Scenic & Cultural. Famous for: Scenic & Cultural tourism, regional heritage, and sightseeing in Tamil Nadu. Activities: Sightseeing, Local cuisine, Cultural exploration, Photography. Suitable for: Couples, Families, Solo travelers, Friends. Best season: October to March (Winter)"
Amroha,Amroha,Uttar Pradesh,Scenic & Cultural,city in India,"Sightseeing, Local cuisine, Cultural exploration, Photography","Scenic & Cultural tourism, regional heritage, and sightseeing in Uttar Pradesh","Couples, Families, Solo travelers, Friends",October to March (Winter),4.6,1900,3,28.9044,78.4675,Moderate,Moderate,India,"Amroha in Uttar Pradesh. city in India Category: Scenic & Cultural. Famous for: Scenic & Cultural tourism, regional heritage, and sightseeing in Uttar Pradesh. Activities: Sightseeing, Local cuisine, Cultural exploration, Photography. Suitable for: Couples, Families, Solo travelers, Friends. Best season: October to March (Winter)"
Kollam,Kollam,Kerala,Scenic & Cultural,"city in Kerala, India","Sightseeing, Local cuisine, Cultural exploration, Photography","Scenic & Cultural tourism, regional heritage, and sightseeing in Kerala","Couples, Families, Solo travelers, Friends",October to March (Winter),4.5,1900,3,8.8853,76.5864,Moderate,Moderate,India,"Kollam in Kerala. city in Kerala, India Category: Scenic & Cultural. Famous for: Scenic & Cultural tourism, regional heritage, and sightseeing in Kerala. Activities: Sightseeing, Local cuisine, Cultural exploration, Photography. Suitable for: Couples, Families, Solo travelers, Friends. Best season: October to March (Winter)"
Kurukshetra,Kurukshetra,India,Scenic & Cultural,city in India,"Sightseeing, Local cuisine, Cultural exploration, Photography","Scenic & Cultural tourism, regional heritage, and sightseeing in India","Couples, Families, Solo travelers, Friends",October to March (Winter),4.6,1900,3,29.9708,76.85,Moderate,Moderate,India,"Kurukshetra in India. city in India Category: Scenic & Cultural. Famous for: Scenic & Cultural tourism, regional heritage, and sightseeing in India. Activities: Sightseeing, Local cuisine, Cultural exploration, Photography. Suitable for: Couples, Families, Solo travelers, Friends. Best season: October to March (Winter)"
Cuddalore,Cuddalore,Tamil Nadu,Scenic & Cultural,"city in Tamil Nadu, India","Sightseeing, Local cuisine, Cultural exploration, Photography","Scenic & Cultural tourism, regional heritage, and sightseeing in Tamil Nadu","Couples, Families, Solo travelers, Friends",October to March (Winter),4.8,1900,3,11.75,79.75,Moderate,Moderate,India,"Cuddalore in Tamil Nadu. city in Tamil Nadu, India Category: Scenic & Cultural. Famous for: Scenic & Cultural tourism, regional heritage, and sightseeing in Tamil Nadu. Activities: Sightseeing, Local cuisine, Cultural exploration, Photography. Suitable for: Couples, Families, Solo travelers, Friends. Best season: October to March (Winter)"
Dhanbad,Dhanbad,Jharkhand,Scenic & Cultural,"City of Jharkhand, India","Sightseeing, Local cuisine, Cultural exploration, Photography","Scenic & Cultural tourism, regional heritage, and sightseeing in Jharkhand","Couples, Families, Solo travelers, Friends",October to March (Winter),4.8,1900,3,23.7928,86.435,Moderate,Moderate,India,"Dhanbad in Jharkhand. City of Jharkhand, India Category: Scenic & Cultural. Famous for: Scenic & Cultural tourism, regional heritage, and sightseeing in Jharkhand. Activities: Sightseeing, Local cuisine, Cultural exploration, Photography. Suitable for: Couples, Families, Solo travelers, Friends. Best season: October to March (Winter)"
V.S.K.Valasai,V.S.K.Valasai,Tamil Nadu,Scenic & Cultural,city in Dindigul district in the Indian state of Tamil Nadu,"Sightseeing, Local cuisine, Cultural exploration, Photography","Scenic & Cultural tourism, regional heritage, and sightseeing in Tamil Nadu","Couples, Families, Solo travelers, Friends",October to March (Winter),4.4,1900,3,10.3154,78.1513,Moderate,Moderate,India,"V.S.K.Valasai in Tamil Nadu. city in Dindigul district in the Indian state of Tamil Nadu Category: Scenic & Cultural. Famous for: Scenic & Cultural tourism, regional heritage, and sightseeing in Tamil Nadu. Activities: Sightseeing, Local cuisine, Cultural exploration, Photography. Suitable for: Couples, Families, Solo travelers, Friends. Best season: October to March (Winter)"
Jhansi,Jhansi,Uttar Pradesh,Heritage & Culture,"historic city in the state of Uttar Pradesh, India","Historical monuments, Architecture exploration, Guided walks, Photography","Heritage & Culture tourism, regional heritage, and sightseeing in Uttar Pradesh","Couples, Families, Solo travelers, Friends",October to March (Pleasant Winter),4.2,2000,3,25.4486,78.5696,Moderate,Moderate,India,"Jhansi in Uttar Pradesh. historic city in the state of Uttar Pradesh, India Category: Heritage & Culture. Famous for: Heritage & Culture tourism, regional heritage, and sightseeing in Uttar Pradesh. Activities: Historical monuments, Architecture exploration, Guided walks, Photography. Suitable for: Couples, Families, Solo travelers, Friends. Best season: October to March (Pleasant Winter)"
Belgaum,Belgaum,Karnataka,Scenic & Cultural,"city in Karnataka, India","Sightseeing, Local cuisine, Cultural exploration, Photography","Scenic & Cultural tourism, regional heritage, and sightseeing in Karnataka","Couples, Families, Solo travelers, Friends",October to March (Winter),4.8,1900,3,15.8569,74.5044,Moderate,Moderate,India,"Belgaum in Karnataka. city in Karnataka, India Category: Scenic & Cultural. Famous for: Scenic & Cultural tourism, regional heritage, and sightseeing in Karnataka. Activities: Sightseeing, Local cuisine, Cultural exploration, Photography. Suitable for: Couples, Families, Solo travelers, Friends. Best season: October to March (Winter)"
Anupshahr,Anupshahr,India,Scenic & Cultural,city,"Sightseeing, Local cuisine, Cultural exploration, Photography","Scenic & Cultural tourism, regional heritage, and sightseeing in India","Couples, Families, Solo travelers, Friends",October to March (Winter),4.4,1900,3,28.37,78.27,Moderate,Moderate,India,"Anupshahr in India. city Category: Scenic & Cultural. Famous for: Scenic & Cultural tourism, regional heritage, and sightseeing in India. Activities: Sightseeing, Local cuisine, Cultural exploration, Photography. Suitable for: Couples, Families, Solo travelers, Friends. Best season: October to March (Winter)"
Saharanpur,Saharanpur,Uttar Pradesh,Scenic & Cultural,"city in Uttar Pradesh, India","Sightseeing, Local cuisine, Cultural exploration, Photography","Scenic & Cultural tourism, regional heritage, and sightseeing in Uttar Pradesh","Couples, Families, Solo travelers, Friends",October to March (Winter),4.6,1900,3,29.964,77.546,Moderate,Moderate,India,"Saharanpur in Uttar Pradesh. city in Uttar Pradesh, India Category: Scenic & Cultural. Famous for: Scenic & Cultural tourism, regional heritage, and sightseeing in Uttar Pradesh. Activities: Sightseeing, Local cuisine, Cultural exploration, Photography. Suitable for: Couples, Families, Solo travelers, Friends. Best season: October to March (Winter)"
Bachhraon,Bachhraon,India,Scenic & Cultural,city,"Sightseeing, Local cuisine, Cultural exploration, Photography","Scenic & Cultural tourism, regional heritage, and sightseeing in India","Couples, Families, Solo travelers, Friends",October to March (Winter),4.2,1900,3,28.93,78.22,Moderate,Moderate,India,"Bachhraon in India. city Category: Scenic & Cultural. Famous for: Scenic & Cultural tourism, regional heritage, and sightseeing in India. Activities: Sightseeing, Local cuisine, Cultural exploration, Photography. Suitable for: Couples, Families, Solo travelers, Friends. Best season: October to March (Winter)"
Udupi,Udupi,Karnataka,Scenic & Cultural,"city in Karnataka, India","Sightseeing, Local cuisine, Cultural exploration, Photography","Scenic & Cultural tourism, regional heritage, and sightseeing in Karnataka","Couples, Families, Solo travelers, Friends",October to March (Winter),4.3,1900,3,13.3347,74.7462,Moderate,Moderate,India,"Udupi in Karnataka. city in Karnataka, India Category: Scenic & Cultural. Famous for: Scenic & Cultural tourism, regional heritage, and sightseeing in Karnataka. Activities: Sightseeing, Local cuisine, Cultural exploration, Photography. Suitable for: Couples, Families, Solo travelers, Friends. Best season: October to March (Winter)"
Sarnath,Sarnath,Uttar Pradesh,Scenic & Cultural,"village in Varanasi district, Uttar Pradesh, India","Sightseeing, Local cuisine, Cultural exploration, Photography","Scenic & Cultural tourism, regional heritage, and sightseeing in Uttar Pradesh","Couples, Families, Solo travelers, Friends",October to March (Winter),4.4,1900,3,25.3811,83.0214,Moderate,Moderate,India,"Sarnath in Uttar Pradesh. village in Varanasi district, Uttar Pradesh, India Category: Scenic & Cultural. Famous for: Scenic & Cultural tourism, regional heritage, and sightseeing in Uttar Pradesh. Activities: Sightseeing, Local cuisine, Cultural exploration, Photography. Suitable for: Couples, Families, Solo travelers, Friends. Best season: October to March (Winter)"
Noida,Noida,Uttar Pradesh,Scenic & Cultural,"city in Uttar Pradesh, India","Sightseeing, Local cuisine, Cultural exploration, Photography","Scenic & Cultural tourism, regional heritage, and sightseeing in Uttar Pradesh","Couples, Families, Solo travelers, Friends",October to March (Winter),4.8,1900,3,28.57,77.32,Moderate,Moderate,India,"Noida in Uttar Pradesh. city in Uttar Pradesh, India Category: Scenic & Cultural. Famous for: Scenic & Cultural tourism, regional heritage, and sightseeing in Uttar Pradesh. Activities: Sightseeing, Local cuisine, Cultural exploration, Photography. Suitable for: Couples, Families, Solo travelers, Friends. Best season: October to March (Winter)"
Sri Ganganagar,Sri Ganganagar,Rajasthan,Scenic & Cultural,"town in Rajasthan, India","Sightseeing, Local cuisine, Cultural exploration, Photography","Scenic & Cultural tourism, regional heritage, and sightseeing in Rajasthan","Couples, Families, Solo travelers, Friends",October to March (Winter),4.4,1900,3,29.92,73.875,Moderate,Moderate,India,"Sri Ganganagar in Rajasthan. town in Rajasthan, India Category: Scenic & Cultural. Famous for: Scenic & Cultural tourism, regional heritage, and sightseeing in Rajasthan. Activities: Sightseeing, Local cuisine, Cultural exploration, Photography. Suitable for: Couples, Families, Solo travelers, Friends. Best season: October to March (Winter)"
Margao,Margao,Goa,Scenic & Cultural,second largest city in Goa,"Sightseeing, Local cuisine, Cultural exploration, Photography","Scenic & Cultural tourism, regional heritage, and sightseeing in Goa","Couples, Families, Solo travelers, Friends",October to March (Winter),4.7,1900,3,15.2719,73.9583,Moderate,Moderate,India,"Margao in Goa. second largest city in Goa Category: Scenic & Cultural. Famous for: Scenic & Cultural tourism, regional heritage, and sightseeing in Goa. Activities: Sightseeing, Local cuisine, Cultural exploration, Photography. Suitable for: Couples, Families, Solo travelers, Friends. Best season: October to March (Winter)"
Yavatmal,Yavatmal,Maharashtra,Scenic & Cultural,city in Maharashtra state of India,"Sightseeing, Local cuisine, Cultural exploration, Photography","Scenic & Cultural tourism, regional heritage, and sightseeing in Maharashtra","Couples, Families, Solo travelers, Friends",October to March (Winter),4.4,1900,3,20.4,78.1333,Moderate,Moderate,India,"Yavatmal in Maharashtra. city in Maharashtra state of India Category: Scenic & Cultural. Famous for: Scenic & Cultural tourism, regional heritage, and sightseeing in Maharashtra. Activities: Sightseeing, Local cuisine, Cultural exploration, Photography. Suitable for: Couples, Families, Solo travelers, Friends. Best season: October to March (Winter)"
Sambhal,Sambhal,Uttar Pradesh,Scenic & Cultural,city in India,"Sightseeing, Local cuisine, Cultural exploration, Photography","Scenic & Cultural tourism, regional heritage, and sightseeing in Uttar Pradesh","Couples, Families, Solo travelers, Friends",October to March (Winter),4.5,1900,3,28.5852,78.5709,Moderate,Moderate,India,"Sambhal in Uttar Pradesh. city in India Category: Scenic & Cultural. Famous for: Scenic & Cultural tourism, regional heritage, and sightseeing in Uttar Pradesh. Activities: Sightseeing, Local cuisine, Cultural exploration, Photography. Suitable for: Couples, Families, Solo travelers, Friends. Best season: October to March (Winter)"
Burhanpur,Burhanpur,Madhya Pradesh,Scenic & Cultural,"city in Madhya Pradesh, India","Sightseeing, Local cuisine, Cultural exploration, Photography","Scenic & Cultural tourism, regional heritage, and sightseeing in Madhya Pradesh","Couples, Families, Solo travelers, Friends",October to March (Winter),4.5,1900,3,21.3,76.2267,Moderate,Moderate,India,"Burhanpur in Madhya Pradesh. city in Madhya Pradesh, India Category: Scenic & Cultural. Famous for: Scenic & Cultural tourism, regional heritage, and sightseeing in Madhya Pradesh. Activities: Sightseeing, Local cuisine, Cultural exploration, Photography. Suitable for: Couples, Families, Solo travelers, Friends. Best season: October to March (Winter)"
Madurai,Madurai,Tamil Nadu,Scenic & Cultural,city of Tamil Nadu in southern India,"Sightseeing, Local cuisine, Cultural exploration, Photography","Scenic & Cultural tourism, regional heritage, and sightseeing in Tamil Nadu","Couples, Families, Solo travelers, Friends",October to March (Winter),4.3,1900,3,9.9197,78.1194,Moderate,Moderate,India,"Madurai in Tamil Nadu. city of Tamil Nadu in southern India Category: Scenic & Cultural. Famous for: Scenic & Cultural tourism, regional heritage, and sightseeing in Tamil Nadu. Activities: Sightseeing, Local cuisine, Cultural exploration, Photography. Suitable for: Couples, Families, Solo travelers, Friends. Best season: October to March (Winter)"
Singrauli,Singrauli,Madhya Pradesh,Scenic & Cultural,city,"Sightseeing, Local cuisine, Cultural exploration, Photography","Scenic & Cultural tourism, regional heritage, and sightseeing in Madhya Pradesh","Couples, Families, Solo travelers, Friends",October to March (Winter),4.7,1900,3,24.11,82.39,Moderate,Moderate,India,"Singrauli in Madhya Pradesh. city Category: Scenic & Cultural. Famous for: Scenic & Cultural tourism, regional heritage, and sightseeing in Madhya Pradesh. Activities: Sightseeing, Local cuisine, Cultural exploration, Photography. Suitable for: Couples, Families, Solo travelers, Friends. Best season: October to March (Winter)"
Amravati,Amravati,Maharashtra,Scenic & Cultural,"city in the state of Maharashtra, India","Sightseeing, Local cuisine, Cultural exploration, Photography","Scenic & Cultural tourism, regional heritage, and sightseeing in Maharashtra","Couples, Families, Solo travelers, Friends",October to March (Winter),4.3,1900,3,20.9333,77.75,Moderate,Moderate,India,"Amravati in Maharashtra. city in the state of Maharashtra, India Category: Scenic & Cultural. Famous for: Scenic & Cultural tourism, regional heritage, and sightseeing in Maharashtra. Activities: Sightseeing, Local cuisine, Cultural exploration, Photography. Suitable for: Couples, Families, Solo travelers, Friends. Best season: October to March (Winter)"
Phagwara,Phagwara,India,Scenic & Cultural,city,"Sightseeing, Local cuisine, Cultural exploration, Photography","Scenic & Cultural tourism, regional heritage, and sightseeing in India","Couples, Families, Solo travelers, Friends",October to March (Winter),4.2,1900,3,31.22,75.77,Moderate,Moderate,India,"Phagwara in India. city Category: Scenic & Cultural. Famous for: Scenic & Cultural tourism, regional heritage, and sightseeing in India. Activities: Sightseeing, Local cuisine, Cultural exploration, Photography. Suitable for: Couples, Families, Solo travelers, Friends. Best season: October to March (Winter)"
Malegaon,Malegaon,Maharashtra,Scenic & Cultural,"city in Nashik district, Maharashtra, India","Sightseeing, Local cuisine, Cultural exploration, Photography","Scenic & Cultural tourism, regional heritage, and sightseeing in Maharashtra","Couples, Families, Solo travelers, Friends",October to March (Winter),4.2,1900,3,20.5497,74.5347,Moderate,Moderate,India,"Malegaon in Maharashtra. city in Nashik district, Maharashtra, India Category: Scenic & Cultural. Famous for: Scenic & Cultural tourism, regional heritage, and sightseeing in Maharashtra. Activities: Sightseeing, Local cuisine, Cultural exploration, Photography. Suitable for: Couples, Families, Solo travelers, Friends. Best season: October to March (Winter)"
Bhavnagar,Bhavnagar,Gujarat,Scenic & Cultural,"city in Gujarat, India","Sightseeing, Local cuisine, Cultural exploration, Photography","Scenic & Cultural tourism, regional heritage, and sightseeing in Gujarat","Couples, Families, Solo travelers, Friends",October to March (Winter),4.4,1900,3,21.7745,72.1525,Moderate,Moderate,India,"Bhavnagar in Gujarat. city in Gujarat, India Category: Scenic & Cultural. Famous for: Scenic & Cultural tourism, regional heritage, and sightseeing in Gujarat. Activities: Sightseeing, Local cuisine, Cultural exploration, Photography. Suitable for: Couples, Families, Solo travelers, Friends. Best season: October to March (Winter)"
Anklav,Anklav,Gujarat,Scenic & Cultural,"city in Gujarat, India","Sightseeing, Local cuisine, Cultural exploration, Photography","Scenic & Cultural tourism, regional heritage, and sightseeing in Gujarat","Couples, Families, Solo travelers, Friends",October to March (Winter),4.6,1900,3,22.3913,72.9946,Moderate,Moderate,India,"Anklav in Gujarat. city in Gujarat, India Category: Scenic & Cultural. Famous for: Scenic & Cultural tourism, regional heritage, and sightseeing in Gujarat. Activities: Sightseeing, Local cuisine, Cultural exploration, Photography. Suitable for: Couples, Families, Solo travelers, Friends. Best season: October to March (Winter)"
Arrah,Arrah,Bihar,Scenic & Cultural,"city and municipal corporation in Bhojpur district, Bihar, India","Sightseeing, Local cuisine, Cultural exploration, Photography","Scenic & Cultural tourism, regional heritage, and sightseeing in Bihar","Couples, Families, Solo travelers, Friends",October to March (Winter),4.2,1900,3,25.5631,84.6711,Moderate,Moderate,India,"Arrah in Bihar. city and municipal corporation in Bhojpur district, Bihar, India Category: Scenic & Cultural. Famous for: Scenic & Cultural tourism, regional heritage, and sightseeing in Bihar. Activities: Sightseeing, Local cuisine, Cultural exploration, Photography. Suitable for: Couples, Families, Solo travelers, Friends. Best season: October to March (Winter)"
Haridwar,Haridwar,Uttarakhand,Scenic & Cultural,city in India,"Sightseeing, Local cuisine, Cultural exploration, Photography","Scenic & Cultural tourism, regional heritage, and sightseeing in Uttarakhand","Couples, Families, Solo travelers, Friends",October to March (Winter),4.4,1900,3,29.9667,78.1667,Moderate,Moderate,India,"Haridwar in Uttarakhand. city in India Category: Scenic & Cultural. Famous for: Scenic & Cultural tourism, regional heritage, and sightseeing in Uttarakhand. Activities: Sightseeing, Local cuisine, Cultural exploration, Photography. Suitable for: Couples, Families, Solo travelers, Friends. Best season: October to March (Winter)"
Kohima,Kohima,Nagaland,Scenic & Cultural,capital of the Indian state of Nagaland,"Sightseeing, Local cuisine, Cultural exploration, Photography","Scenic & Cultural tourism, regional heritage, and sightseeing in Nagaland","Couples, Families, Solo travelers, Friends",October to March (Winter),4.3,1900,3,25.6667,94.1194,Moderate,Moderate,India,"Kohima in Nagaland. capital of the Indian state of Nagaland Category: Scenic & Cultural. Famous for: Scenic & Cultural tourism, regional heritage, and sightseeing in Nagaland. Activities: Sightseeing, Local cuisine, Cultural exploration, Photography. Suitable for: Couples, Families, Solo travelers, Friends. Best season: October to March (Winter)"
Jammu,Jammu,Jammu & Kashmir,Scenic & Cultural,"city in Jammu Division, India","Sightseeing, Local cuisine, Cultural exploration, Photography","Scenic & Cultural tourism, regional heritage, and sightseeing in Jammu & Kashmir","Couples, Families, Solo travelers, Friends",October to March (Winter),4.5,1900,3,32.7333,74.85,Moderate,Moderate,India,"Jammu in Jammu & Kashmir. city in Jammu Division, India Category: Scenic & Cultural. Famous for: Scenic & Cultural tourism, regional heritage, and sightseeing in Jammu & Kashmir. Activities: Sightseeing, Local cuisine, Cultural exploration, Photography. Suitable for: Couples, Families, Solo travelers, Friends. Best season: October to March (Winter)"
Jaisalmer,Jaisalmer,Rajasthan,Scenic & Cultural,"city in Rajasthan, India","Sightseeing, Local cuisine, Cultural exploration, Photography","Scenic & Cultural tourism, regional heritage, and sightseeing in Rajasthan","Couples, Families, Solo travelers, Friends",October to March (Winter),4.6,1900,3,26.9167,70.9167,Moderate,Moderate,India,"Jaisalmer in Rajasthan. city in Rajasthan, India Category: Scenic & Cultural. Famous for: Scenic & Cultural tourism, regional heritage, and sightseeing in Rajasthan. Activities: Sightseeing, Local cuisine, Cultural exploration, Photography. Suitable for: Couples, Families, Solo travelers, Friends. Best season: October to March (Winter)"
Surendranagar,Surendranagar,Gujarat,Scenic & Cultural,"City in Gujarat, India","Sightseeing, Local cuisine, Cultural exploration, Photography","Scenic & Cultural tourism, regional heritage, and sightseeing in Gujarat","Couples, Families, Solo travelers, Friends",October to March (Winter),4.3,1900,3,22.725,71.6333,Moderate,Moderate,India,"Surendranagar in Gujarat. City in Gujarat, India Category: Scenic & Cultural. Famous for: Scenic & Cultural tourism, regional heritage, and sightseeing in Gujarat. Activities: Sightseeing, Local cuisine, Cultural exploration, Photography. Suitable for: Couples, Families, Solo travelers, Friends. Best season: October to March (Winter)"
Nandura,Nandura,India,Scenic & Cultural,city,"Sightseeing, Local cuisine, Cultural exploration, Photography","Scenic & Cultural tourism, regional heritage, and sightseeing in India","Couples, Families, Solo travelers, Friends",October to March (Winter),4.3,1900,3,20.8333,76.4597,Moderate,Moderate,India,"Nandura in India. city Category: Scenic & Cultural. Famous for: Scenic & Cultural tourism, regional heritage, and sightseeing in India. Activities: Sightseeing, Local cuisine, Cultural exploration, Photography. Suitable for: Couples, Families, Solo travelers, Friends. Best season: October to March (Winter)"
Anandpur Sahib,Anandpur Sahib,Punjab,Scenic & Cultural,"city and Sikh pilgrimage site in Punjab, India","Sightseeing, Local cuisine, Cultural exploration, Photography","Scenic & Cultural tourism, regional heritage, and sightseeing in Punjab","Couples, Families, Solo travelers, Friends",October to March (Winter),4.6,1900,3,31.23,76.5,Moderate,Moderate,India,"Anandpur Sahib in Punjab. city and Sikh pilgrimage site in Punjab, India Category: Scenic & Cultural. Famous for: Scenic & Cultural tourism, regional heritage, and sightseeing in Punjab. Activities: Sightseeing, Local cuisine, Cultural exploration, Photography. Suitable for: Couples, Families, Solo travelers, Friends. Best season: October to March (Winter)"
Rishikesh,Rishikesh,Uttarakhand,Scenic & Cultural,"city in Uttarakhand, India","Sightseeing, Local cuisine, Cultural exploration, Photography","Scenic & Cultural tourism, regional heritage, and sightseeing in Uttarakhand","Couples, Families, Solo travelers, Friends",October to March (Winter),4.2,1900,3,30.1,78.3,Moderate,Moderate,India,"Rishikesh in Uttarakhand. city in Uttarakhand, India Category: Scenic & Cultural. Famous for: Scenic & Cultural tourism, regional heritage, and sightseeing in Uttarakhand. Activities: Sightseeing, Local cuisine, Cultural exploration, Photography. Suitable for: Couples, Families, Solo travelers, Friends. Best season: October to March (Winter)"
Auroville,Auroville,Puducherry,Scenic & Cultural,experimental universal township in South India,"Sightseeing, Local cuisine, Cultural exploration, Photography","Scenic & Cultural tourism, regional heritage, and sightseeing in Puducherry","Couples, Families, Solo travelers, Friends",October to March (Winter),4.3,1900,3,12.0018,79.8009,Moderate,Moderate,India,"Auroville in Puducherry. experimental universal township in South India Category: Scenic & Cultural. Famous for: Scenic & Cultural tourism, regional heritage, and sightseeing in Puducherry. Activities: Sightseeing, Local cuisine, Cultural exploration, Photography. Suitable for: Couples, Families, Solo travelers, Friends. Best season: October to March (Winter)"
Azamgarh,Azamgarh,Uttar Pradesh,Scenic & Cultural,"city in Azamgarh district, Uttar Pradesh, India","Sightseeing, Local cuisine, Cultural exploration, Photography","Scenic & Cultural tourism, regional heritage, and sightseeing in Uttar Pradesh","Couples, Families, Solo travelers, Friends",October to March (Winter),4.4,1900,3,26.06,83.19,Moderate,Moderate,India,"Azamgarh in Uttar Pradesh. city in Azamgarh district, Uttar Pradesh, India Category: Scenic & Cultural. Famous for: Scenic & Cultural tourism, regional heritage, and sightseeing in Uttar Pradesh. Activities: Sightseeing, Local cuisine, Cultural exploration, Photography. Suitable for: Couples, Families, Solo travelers, Friends. Best season: October to March (Winter)"
Nadiad,Nadiad,Gujarat,Scenic & Cultural,"city in Gujarat state, India","Sightseeing, Local cuisine, Cultural exploration, Photography","Scenic & Cultural tourism, regional heritage, and sightseeing in Gujarat","Couples, Families, Solo travelers, Friends",October to March (Winter),4.4,1900,3,22.7,72.87,Moderate,Moderate,India,"Nadiad in Gujarat. city in Gujarat state, India Category: Scenic & Cultural. Famous for: Scenic & Cultural tourism, regional heritage, and sightseeing in Gujarat. Activities: Sightseeing, Local cuisine, Cultural exploration, Photography. Suitable for: Couples, Families, Solo travelers, Friends. Best season: October to March (Winter)"
Ballari,Ballari,Karnataka,Scenic & Cultural,"city in Karnataka, India","Sightseeing, Local cuisine, Cultural exploration, Photography","Scenic & Cultural tourism, regional heritage, and sightseeing in Karnataka","Couples, Families, Solo travelers, Friends",October to March (Winter),4.2,1900,3,15.15,76.9333,Moderate,Moderate,India,"Ballari in Karnataka. city in Karnataka, India Category: Scenic & Cultural. Famous for: Scenic & Cultural tourism, regional heritage, and sightseeing in Karnataka. Activities: Sightseeing, Local cuisine, Cultural exploration, Photography. Suitable for: Couples, Families, Solo travelers, Friends. Best season: October to March (Winter)"
Vellore,Vellore,Tamil Nadu,Scenic & Cultural,"city in Tamil Nadu, India","Sightseeing, Local cuisine, Cultural exploration, Photography","Scenic & Cultural tourism, regional heritage, and sightseeing in Tamil Nadu","Couples, Families, Solo travelers, Friends",October to March (Winter),4.5,1900,3,12.9333,79.1333,Moderate,Moderate,India,"Vellore in Tamil Nadu. city in Tamil Nadu, India Category: Scenic & Cultural. Famous for: Scenic & Cultural tourism, regional heritage, and sightseeing in Tamil Nadu. Activities: Sightseeing, Local cuisine, Cultural exploration, Photography. Suitable for: Couples, Families, Solo travelers, Friends. Best season: October to March (Winter)"
Panna,Panna,India,Scenic & Cultural,city in India,"Sightseeing, Local cuisine, Cultural exploration, Photography","Scenic & Cultural tourism, regional heritage, and sightseeing in India","Couples, Families, Solo travelers, Friends",October to March (Winter),4.3,1900,3,24.72,80.2,Moderate,Moderate,India,"Panna in India. city in India Category: Scenic & Cultural. Famous for: Scenic & Cultural tourism, regional heritage, and sightseeing in India. Activities: Sightseeing, Local cuisine, Cultural exploration, Photography. Suitable for: Couples, Families, Solo travelers, Friends. Best season: October to March (Winter)"
Kodaikanal,Kodaikanal,Tamil Nadu,Hill Station,"hill station and town in Tamil Nadu, India","Viewpoints, Nature walks, Trekking, Photography, Relaxing","Hill Station tourism, regional heritage, and sightseeing in Tamil Nadu","Couples, Families, Solo travelers, Friends",March to June (Summer) & September to November (Autumn),4.6,2200,3,10.2333,77.4833,Moderate,Moderate,India,"Kodaikanal in Tamil Nadu. hill station and town in Tamil Nadu, India Category: Hill Station. Famous for: Hill Station tourism, regional heritage, and sightseeing in Tamil Nadu. Activities: Viewpoints, Nature walks, Trekking, Photography, Relaxing. Suitable for: Couples, Families, Solo travelers, Friends. Best season: March to June (Summer) & September to November (Autumn)"
Akbarpur,Akbarpur,Uttar Pradesh,Scenic & Cultural,"city in Ambedkar Nagar, India","Sightseeing, Local cuisine, Cultural exploration, Photography","Scenic & Cultural tourism, regional heritage, and sightseeing in Uttar Pradesh","Couples, Families, Solo travelers, Friends",October to March (Winter),4.6,1900,3,26.52,82.62,Moderate,Moderate,India,"Akbarpur in Uttar Pradesh. city in Ambedkar Nagar, India Category: Scenic & Cultural. Famous for: Scenic & Cultural tourism, regional heritage, and sightseeing in Uttar Pradesh. Activities: Sightseeing, Local cuisine, Cultural exploration, Photography. Suitable for: Couples, Families, Solo travelers, Friends. Best season: October to March (Winter)"
Moradabad,Moradabad,Uttar Pradesh,Scenic & Cultural,city in the Indian state of Uttar Pradesh,"Sightseeing, Local cuisine, Cultural exploration, Photography","Scenic & Cultural tourism, regional heritage, and sightseeing in Uttar Pradesh","Couples, Families, Solo travelers, Friends",October to March (Winter),4.5,1900,3,28.8432,78.7287,Moderate,Moderate,India,"Moradabad in Uttar Pradesh. city in the Indian state of Uttar Pradesh Category: Scenic & Cultural. Famous for: Scenic & Cultural tourism, regional heritage, and sightseeing in Uttar Pradesh. Activities: Sightseeing, Local cuisine, Cultural exploration, Photography. Suitable for: Couples, Families, Solo travelers, Friends. Best season: October to March (Winter)"
Bhilai,Bhilai,Chhattisgarh,Scenic & Cultural,"city in Chhattisgarh, India","Sightseeing, Local cuisine, Cultural exploration, Photography","Scenic & Cultural tourism, regional heritage, and sightseeing in Chhattisgarh","Couples, Families, Solo travelers, Friends",October to March (Winter),4.5,1900,3,21.21,81.38,Moderate,Moderate,India,"Bhilai in Chhattisgarh. city in Chhattisgarh, India Category: Scenic & Cultural. Famous for: Scenic & Cultural tourism, regional heritage, and sightseeing in Chhattisgarh. Activities: Sightseeing, Local cuisine, Cultural exploration, Photography. Suitable for: Couples, Families, Solo travelers, Friends. Best season: October to March (Winter)"
Ashoknagar,Ashoknagar,Madhya Pradesh,Scenic & Cultural,City in Madhya Pradesh,"Sightseeing, Local cuisine, Cultural exploration, Photography","Scenic & Cultural tourism, regional heritage, and sightseeing in Madhya Pradesh","Couples, Families, Solo travelers, Friends",October to March (Winter),4.2,1900,3,24.34,77.43,Moderate,Moderate,India,"Ashoknagar in Madhya Pradesh. City in Madhya Pradesh Category: Scenic & Cultural. Famous for: Scenic & Cultural tourism, regional heritage, and sightseeing in Madhya Pradesh. Activities: Sightseeing, Local cuisine, Cultural exploration, Photography. Suitable for: Couples, Families, Solo travelers, Friends. Best season: October to March (Winter)"
Gaya,Gaya,Bihar,Scenic & Cultural,"city in Bihar, India","Sightseeing, Local cuisine, Cultural exploration, Photography","Scenic & Cultural tourism, regional heritage, and sightseeing in Bihar","Couples, Families, Solo travelers, Friends",October to March (Winter),4.5,1900,3,24.75,85.0167,Moderate,Moderate,India,"Gaya in Bihar. city in Bihar, India Category: Scenic & Cultural. Famous for: Scenic & Cultural tourism, regional heritage, and sightseeing in Bihar. Activities: Sightseeing, Local cuisine, Cultural exploration, Photography. Suitable for: Couples, Families, Solo travelers, Friends. Best season: October to March (Winter)"
Moga,Moga,Punjab,Scenic & Cultural,"city of Punjab, India","Sightseeing, Local cuisine, Cultural exploration, Photography","Scenic & Cultural tourism, regional heritage, and sightseeing in Punjab","Couples, Families, Solo travelers, Friends",October to March (Winter),4.3,1900,3,30.8167,75.17,Moderate,Moderate,India,"Moga in Punjab. city of Punjab, India Category: Scenic & Cultural. Famous for: Scenic & Cultural tourism, regional heritage, and sightseeing in Punjab. Activities: Sightseeing, Local cuisine, Cultural exploration, Photography. Suitable for: Couples, Families, Solo travelers, Friends. Best season: October to March (Winter)"
Kota,Kota,Rajasthan,Scenic & Cultural,"city on the Chambal River in Rajasthan, northern India","Sightseeing, Local cuisine, Cultural exploration, Photography","Scenic & Cultural tourism, regional heritage, and sightseeing in Rajasthan","Couples, Families, Solo travelers, Friends",October to March (Winter),4.4,1900,3,25.18,75.83,Moderate,Moderate,India,"Kota in Rajasthan. city on the Chambal River in Rajasthan, northern India Category: Scenic & Cultural. Famous for: Scenic & Cultural tourism, regional heritage, and sightseeing in Rajasthan. Activities: Sightseeing, Local cuisine, Cultural exploration, Photography. Suitable for: Couples, Families, Solo travelers, Friends. Best season: October to March (Winter)"
Bagalkot,Bagalkot,Karnataka,Scenic & Cultural,"city in Karnataka, India","Sightseeing, Local cuisine, Cultural exploration, Photography","Scenic & Cultural tourism, regional heritage, and sightseeing in Karnataka","Couples, Families, Solo travelers, Friends",October to March (Winter),4.8,1900,3,16.1833,75.7,Moderate,Moderate,India,"Bagalkot in Karnataka. city in Karnataka, India Category: Scenic & Cultural. Famous for: Scenic & Cultural tourism, regional heritage, and sightseeing in Karnataka. Activities: Sightseeing, Local cuisine, Cultural exploration, Photography. Suitable for: Couples, Families, Solo travelers, Friends. Best season: October to March (Winter)"
Solapur,Solapur,Maharashtra,Scenic & Cultural,"city in Maharashtra, India","Sightseeing, Local cuisine, Cultural exploration, Photography","Scenic & Cultural tourism, regional heritage, and sightseeing in Maharashtra","Couples, Families, Solo travelers, Friends",October to March (Winter),4.8,1900,3,17.6703,75.9011,Moderate,Moderate,India,"Solapur in Maharashtra. city in Maharashtra, India Category: Scenic & Cultural. Famous for: Scenic & Cultural tourism, regional heritage, and sightseeing in Maharashtra. Activities: Sightseeing, Local cuisine, Cultural exploration, Photography. Suitable for: Couples, Families, Solo travelers, Friends. Best season: October to March (Winter)"
Akhnoor,Akhnoor,Jammu And Kashmir,Scenic & Cultural,"city in Jammu and Kashmir, India","Sightseeing, Local cuisine, Cultural exploration, Photography","Scenic & Cultural tourism, regional heritage, and sightseeing in Jammu And Kashmir","Couples, Families, Solo travelers, Friends",October to March (Winter),4.2,1900,3,32.8667,74.7333,Moderate,Moderate,India,"Akhnoor in Jammu And Kashmir. city in Jammu and Kashmir, India Category: Scenic & Cultural. Famous for: Scenic & Cultural tourism, regional heritage, and sightseeing in Jammu And Kashmir. Activities: Sightseeing, Local cuisine, Cultural exploration, Photography. Suitable for: Couples, Families, Solo travelers, Friends. Best season: October to March (Winter)"
Kanniyakumari,Kanniyakumari,Tamil Nadu,Scenic & Cultural,coastal city in the state of Tamil Nadu on main land India's southern tip,"Sightseeing, Local cuisine, Cultural exploration, Photography","Scenic & Cultural tourism, regional heritage, and sightseeing in Tamil Nadu","Couples, Families, Solo travelers, Friends",October to March (Winter),4.5,1900,3,8.0911,77.5417,Moderate,Moderate,India,"Kanniyakumari in Tamil Nadu. coastal city in the state of Tamil Nadu on main land India's southern tip Category: Scenic & Cultural. Famous for: Scenic & Cultural tourism, regional heritage, and sightseeing in Tamil Nadu. Activities: Sightseeing, Local cuisine, Cultural exploration, Photography. Suitable for: Couples, Families, Solo travelers, Friends. Best season: October to March (Winter)"
Leh,Leh,Ladakh,Scenic & Cultural,"city, one of the capitals of Ladakh, India","Sightseeing, Local cuisine, Cultural exploration, Photography","Scenic & Cultural tourism, regional heritage, and sightseeing in Ladakh","Couples, Families, Solo travelers, Friends",October to March (Winter),4.8,1900,3,34.1642,77.5847,Moderate,Moderate,India,"Leh in Ladakh. city, one of the capitals of Ladakh, India Category: Scenic & Cultural. Famous for: Scenic & Cultural tourism, regional heritage, and sightseeing in Ladakh. Activities: Sightseeing, Local cuisine, Cultural exploration, Photography. Suitable for: Couples, Families, Solo travelers, Friends. Best season: October to March (Winter)"
Amreli,Amreli,Gujarat,Scenic & Cultural,"city in Gujarat state, India","Sightseeing, Local cuisine, Cultural exploration, Photography","Scenic & Cultural tourism, regional heritage, and sightseeing in Gujarat","Couples, Families, Solo travelers, Friends",October to March (Winter),4.6,1900,3,21.6167,71.2333,Moderate,Moderate,India,"Amreli in Gujarat. city in Gujarat state, India Category: Scenic & Cultural. Famous for: Scenic & Cultural tourism, regional heritage, and sightseeing in Gujarat. Activities: Sightseeing, Local cuisine, Cultural exploration, Photography. Suitable for: Couples, Families, Solo travelers, Friends. Best season: October to March (Winter)"
Gurgaon,Gurgaon,Haryana,Scenic & Cultural,"City in Haryana, India","Sightseeing, Local cuisine, Cultural exploration, Photography","Scenic & Cultural tourism, regional heritage, and sightseeing in Haryana","Couples, Families, Solo travelers, Friends",October to March (Winter),4.8,1900,3,28.4667,77.0333,Moderate,Moderate,India,"Gurgaon in Haryana. City in Haryana, India Category: Scenic & Cultural. Famous for: Scenic & Cultural tourism, regional heritage, and sightseeing in Haryana. Activities: Sightseeing, Local cuisine, Cultural exploration, Photography. Suitable for: Couples, Families, Solo travelers, Friends. Best season: October to March (Winter)"
Sangli,Sangli,Maharashtra,Scenic & Cultural,"city in Maharashtra, India","Sightseeing, Local cuisine, Cultural exploration, Photography","Scenic & Cultural tourism, regional heritage, and sightseeing in Maharashtra","Couples, Families, Solo travelers, Friends",October to March (Winter),4.6,1900,3,16.8667,74.5667,Moderate,Moderate,India,"Sangli in Maharashtra. city in Maharashtra, India Category: Scenic & Cultural. Famous for: Scenic & Cultural tourism, regional heritage, and sightseeing in Maharashtra. Activities: Sightseeing, Local cuisine, Cultural exploration, Photography. Suitable for: Couples, Families, Solo travelers, Friends. Best season: October to March (Winter)"
Bishnupur,Bishnupur,India,Scenic & Cultural,town in Bankura district,"Sightseeing, Local cuisine, Cultural exploration, Photography","Scenic & Cultural tourism, regional heritage, and sightseeing in India","Couples, Families, Solo travelers, Friends",October to March (Winter),4.8,1900,3,23.0739,87.32,Moderate,Moderate,India,"Bishnupur in India. town in Bankura district Category: Scenic & Cultural. Famous for: Scenic & Cultural tourism, regional heritage, and sightseeing in India. Activities: Sightseeing, Local cuisine, Cultural exploration, Photography. Suitable for: Couples, Families, Solo travelers, Friends. Best season: October to March (Winter)"
Dispur,Dispur,Assam,Scenic & Cultural,"locality in Guwahti, India and seat of the Assam government","Sightseeing, Local cuisine, Cultural exploration, Photography","Scenic & Cultural tourism, regional heritage, and sightseeing in Assam","Couples, Families, Solo travelers, Friends",October to March (Winter),4.3,1900,3,26.15,91.77,Moderate,Moderate,India,"Dispur in Assam. locality in Guwahti, India and seat of the Assam government Category: Scenic & Cultural. Famous for: Scenic & Cultural tourism, regional heritage, and sightseeing in Assam. Activities: Sightseeing, Local cuisine, Cultural exploration, Photography. Suitable for: Couples, Families, Solo travelers, Friends. Best season: October to March (Winter)"
Siddipet,Siddipet,India,Scenic & Cultural,city in Siddipet district in India,"Sightseeing, Local cuisine, Cultural exploration, Photography","Scenic & Cultural tourism, regional heritage, and sightseeing in India","Couples, Families, Solo travelers, Friends",October to March (Winter),4.4,1900,3,18.1,78.85,Moderate,Moderate,India,"Siddipet in India. city in Siddipet district in India Category: Scenic & Cultural. Famous for: Scenic & Cultural tourism, regional heritage, and sightseeing in India. Activities: Sightseeing, Local cuisine, Cultural exploration, Photography. Suitable for: Couples, Families, Solo travelers, Friends. Best season: October to March (Winter)"
Abohar,Abohar,Punjab,Scenic & Cultural,city,"Sightseeing, Local cuisine, Cultural exploration, Photography","Scenic & Cultural tourism, regional heritage, and sightseeing in Punjab","Couples, Families, Solo travelers, Friends",October to March (Winter),4.2,1900,3,30.1334,74.2001,Moderate,Moderate,India,"Abohar in Punjab. city Category: Scenic & Cultural. Famous for: Scenic & Cultural tourism, regional heritage, and sightseeing in Punjab. Activities: Sightseeing, Local cuisine, Cultural exploration, Photography. Suitable for: Couples, Families, Solo travelers, Friends. Best season: October to March (Winter)"
Kalimpong,Kalimpong,West Bengal,Scenic & Cultural,"municipality in Kalimpong district, West Bengal","Sightseeing, Local cuisine, Cultural exploration, Photography","Scenic & Cultural tourism, regional heritage, and sightseeing in West Bengal","Couples, Families, Solo travelers, Friends",October to March (Winter),4.2,1900,3,27.06,88.47,Moderate,Moderate,India,"Kalimpong in West Bengal. municipality in Kalimpong district, West Bengal Category: Scenic & Cultural. Famous for: Scenic & Cultural tourism, regional heritage, and sightseeing in West Bengal. Activities: Sightseeing, Local cuisine, Cultural exploration, Photography. Suitable for: Couples, Families, Solo travelers, Friends. Best season: October to March (Winter)"
Veraval,Veraval,Gujarat,Scenic & Cultural,"City in Gujarat, India","Sightseeing, Local cuisine, Cultural exploration, Photography","Scenic & Cultural tourism, regional heritage, and sightseeing in Gujarat","Couples, Families, Solo travelers, Friends",October to March (Winter),4.6,1900,3,20.9,70.37,Moderate,Moderate,India,"Veraval in Gujarat. City in Gujarat, India Category: Scenic & Cultural. Famous for: Scenic & Cultural tourism, regional heritage, and sightseeing in Gujarat. Activities: Sightseeing, Local cuisine, Cultural exploration, Photography. Suitable for: Couples, Families, Solo travelers, Friends. Best season: October to March (Winter)"
Ichalkaranji,Ichalkaranji,Maharashtra,Scenic & Cultural,city in Kolhapur district in the Indian state of Maharashtra,"Sightseeing, Local cuisine, Cultural exploration, Photography","Scenic & Cultural tourism, regional heritage, and sightseeing in Maharashtra","Couples, Families, Solo travelers, Friends",October to March (Winter),4.3,1900,3,16.7,74.47,Moderate,Moderate,India,"Ichalkaranji in Maharashtra. city in Kolhapur district in the Indian state of Maharashtra Category: Scenic & Cultural. Famous for: Scenic & Cultural tourism, regional heritage, and sightseeing in Maharashtra. Activities: Sightseeing, Local cuisine, Cultural exploration, Photography. Suitable for: Couples, Families, Solo travelers, Friends. Best season: October to March (Winter)"
Anjangaon,Anjangaon,Maharashtra,Scenic & Cultural,"city in Amravati district, Maharashtra, India","Sightseeing, Local cuisine, Cultural exploration, Photography","Scenic & Cultural tourism, regional heritage, and sightseeing in Maharashtra","Couples, Families, Solo travelers, Friends",October to March (Winter),4.6,1900,3,21.1652,77.3091,Moderate,Moderate,India,"Anjangaon in Maharashtra. city in Amravati district, Maharashtra, India Category: Scenic & Cultural. Famous for: Scenic & Cultural tourism, regional heritage, and sightseeing in Maharashtra. Activities: Sightseeing, Local cuisine, Cultural exploration, Photography. Suitable for: Couples, Families, Solo travelers, Friends. Best season: October to March (Winter)"
Raipur,Raipur,Chhattisgarh,Scenic & Cultural,"capital of Chhattisgarh, India","Sightseeing, Local cuisine, Cultural exploration, Photography","Scenic & Cultural tourism, regional heritage, and sightseeing in Chhattisgarh","Couples, Families, Solo travelers, Friends",October to March (Winter),4.7,1900,3,21.2379,81.6337,Moderate,Moderate,India,"Raipur in Chhattisgarh. capital of Chhattisgarh, India Category: Scenic & Cultural. Famous for: Scenic & Cultural tourism, regional heritage, and sightseeing in Chhattisgarh. Activities: Sightseeing, Local cuisine, Cultural exploration, Photography. Suitable for: Couples, Families, Solo travelers, Friends. Best season: October to March (Winter)"
Patan,Patan,Gujarat,Scenic & Cultural,"city in Patan district, Gujarat, India","Sightseeing, Local cuisine, Cultural exploration, Photography","Scenic & Cultural tourism, regional heritage, and sightseeing in Gujarat","Couples, Families, Solo travelers, Friends",October to March (Winter),4.8,1900,3,23.85,72.1167,Moderate,Moderate,India,"Patan in Gujarat. city in Patan district, Gujarat, India Category: Scenic & Cultural. Famous for: Scenic & Cultural tourism, regional heritage, and sightseeing in Gujarat. Activities: Sightseeing, Local cuisine, Cultural exploration, Photography. Suitable for: Couples, Families, Solo travelers, Friends. Best season: October to March (Winter)"
Ambernath,Ambernath,Maharashtra,Scenic & Cultural,"suburban city in Thane district, Maharashtra, India","Sightseeing, Local cuisine, Cultural exploration, Photography","Scenic & Cultural tourism, regional heritage, and sightseeing in Maharashtra","Couples, Families, Solo travelers, Friends",October to March (Winter),4.5,1900,3,19.209,73.186,Moderate,Moderate,India,"Ambernath in Maharashtra. suburban city in Thane district, Maharashtra, India Category: Scenic & Cultural. Famous for: Scenic & Cultural tourism, regional heritage, and sightseeing in Maharashtra. Activities: Sightseeing, Local cuisine, Cultural exploration, Photography. Suitable for: Couples, Families, Solo travelers, Friends. Best season: October to March (Winter)"
Valsad,Valsad,Gujarat,Scenic & Cultural,"city in Gujarat, India","Sightseeing, Local cuisine, Cultural exploration, Photography","Scenic & Cultural tourism, regional heritage, and sightseeing in Gujarat","Couples, Families, Solo travelers, Friends",October to March (Winter),4.5,1900,3,20.6333,72.9333,Moderate,Moderate,India,"Valsad in Gujarat. city in Gujarat, India Category: Scenic & Cultural. Famous for: Scenic & Cultural tourism, regional heritage, and sightseeing in Gujarat. Activities: Sightseeing, Local cuisine, Cultural exploration, Photography. Suitable for: Couples, Families, Solo travelers, Friends. Best season: October to March (Winter)"
Avadi,Avadi,Tamil Nadu,Scenic & Cultural,"suburb of Chennai and a municipality in Thiruvallur district in the state of Tamil Nadu, India","Sightseeing, Local cuisine, Cultural exploration, Photography","Scenic & Cultural tourism, regional heritage, and sightseeing in Tamil Nadu","Couples, Families, Solo travelers, Friends",October to March (Winter),4.7,1900,3,13.12,80.1,Moderate,Moderate,India,"Avadi in Tamil Nadu. suburb of Chennai and a municipality in Thiruvallur district in the state of Tamil Nadu, India Category: Scenic & Cultural. Famous for: Scenic & Cultural tourism, regional heritage, and sightseeing in Tamil Nadu. Activities: Sightseeing, Local cuisine, Cultural exploration, Photography. Suitable for: Couples, Families, Solo travelers, Friends. Best season: October to March (Winter)"
Batala,Batala,Punjab,Scenic & Cultural,city in Gurdaspur district,"Sightseeing, Local cuisine, Cultural exploration, Photography","Scenic & Cultural tourism, regional heritage, and sightseeing in Punjab","Couples, Families, Solo travelers, Friends",October to March (Winter),4.6,1900,3,31.8186,75.2028,Moderate,Moderate,India,"Batala in Punjab. city in Gurdaspur district Category: Scenic & Cultural. Famous for: Scenic & Cultural tourism, regional heritage, and sightseeing in Punjab. Activities: Sightseeing, Local cuisine, Cultural exploration, Photography. Suitable for: Couples, Families, Solo travelers, Friends. Best season: October to March (Winter)"
Kapurthala,Kapurthala,Punjab,Scenic & Cultural,city in Punjab state of India,"Sightseeing, Local cuisine, Cultural exploration, Photography","Scenic & Cultural tourism, regional heritage, and sightseeing in Punjab","Couples, Families, Solo travelers, Friends",October to March (Winter),4.8,1900,3,31.38,75.3811,Moderate,Moderate,India,"Kapurthala in Punjab. city in Punjab state of India Category: Scenic & Cultural. Famous for: Scenic & Cultural tourism, regional heritage, and sightseeing in Punjab. Activities: Sightseeing, Local cuisine, Cultural exploration, Photography. Suitable for: Couples, Families, Solo travelers, Friends. Best season: October to March (Winter)"
Prayagraj,Prayagraj,Uttar Pradesh,Scenic & Cultural,"metropolis in Uttar Pradesh, India","Sightseeing, Local cuisine, Cultural exploration, Photography","Scenic & Cultural tourism, regional heritage, and sightseeing in Uttar Pradesh","Couples, Families, Solo travelers, Friends",October to March (Winter),4.7,1900,3,25.45,81.85,Moderate,Moderate,India,"Prayagraj in Uttar Pradesh. metropolis in Uttar Pradesh, India Category: Scenic & Cultural. Famous for: Scenic & Cultural tourism, regional heritage, and sightseeing in Uttar Pradesh. Activities: Sightseeing, Local cuisine, Cultural exploration, Photography. Suitable for: Couples, Families, Solo travelers, Friends. Best season: October to March (Winter)"
Etawah,Etawah,Uttar Pradesh,Scenic & Cultural,"city in Uttar Pradesh, India","Sightseeing, Local cuisine, Cultural exploration, Photography","Scenic & Cultural tourism, regional heritage, and sightseeing in Uttar Pradesh","Couples, Families, Solo travelers, Friends",October to March (Winter),4.5,1900,3,26.77,79.03,Moderate,Moderate,India,"Etawah in Uttar Pradesh. city in Uttar Pradesh, India Category: Scenic & Cultural. Famous for: Scenic & Cultural tourism, regional heritage, and sightseeing in Uttar Pradesh. Activities: Sightseeing, Local cuisine, Cultural exploration, Photography. Suitable for: Couples, Families, Solo travelers, Friends. Best season: October to March (Winter)"
Barwani,Barwani,India,Scenic & Cultural,city,"Sightseeing, Local cuisine, Cultural exploration, Photography","Scenic & Cultural tourism, regional heritage, and sightseeing in India","Couples, Families, Solo travelers, Friends",October to March (Winter),4.5,1900,3,22.0322,74.8997,Moderate,Moderate,India,"Barwani in India. city Category: Scenic & Cultural. Famous for: Scenic & Cultural tourism, regional heritage, and sightseeing in India. Activities: Sightseeing, Local cuisine, Cultural exploration, Photography. Suitable for: Couples, Families, Solo travelers, Friends. Best season: October to March (Winter)"
Gangtok,Gangtok,Sikkim,Scenic & Cultural,"city in Gangtok district, Sikkim, India","Sightseeing, Local cuisine, Cultural exploration, Photography","Scenic & Cultural tourism, regional heritage, and sightseeing in Sikkim","Couples, Families, Solo travelers, Friends",October to March (Winter),4.5,1900,3,27.33,88.62,Moderate,Moderate,India,"Gangtok in Sikkim. city in Gangtok district, Sikkim, India Category: Scenic & Cultural. Famous for: Scenic & Cultural tourism, regional heritage, and sightseeing in Sikkim. Activities: Sightseeing, Local cuisine, Cultural exploration, Photography. Suitable for: Couples, Families, Solo travelers, Friends. Best season: October to March (Winter)"
Chandrapur,Chandrapur,Maharashtra,Scenic & Cultural,city in Maharashtra,"Sightseeing, Local cuisine, Cultural exploration, Photography","Scenic & Cultural tourism, regional heritage, and sightseeing in Maharashtra","Couples, Families, Solo travelers, Friends",October to March (Winter),4.5,1900,3,19.95,79.3,Moderate,Moderate,India,"Chandrapur in Maharashtra. city in Maharashtra Category: Scenic & Cultural. Famous for: Scenic & Cultural tourism, regional heritage, and sightseeing in Maharashtra. Activities: Sightseeing, Local cuisine, Cultural exploration, Photography. Suitable for: Couples, Families, Solo travelers, Friends. Best season: October to March (Winter)"
Pushkar,Pushkar,Rajasthan,Scenic & Cultural,"pilgrimage and cattle fair city in Rajasthan, India","Sightseeing, Local cuisine, Cultural exploration, Photography","Scenic & Cultural tourism, regional heritage, and sightseeing in Rajasthan","Couples, Families, Solo travelers, Friends",October to March (Winter),4.7,1900,3,26.4903,74.5542,Moderate,Moderate,India,"Pushkar in Rajasthan. pilgrimage and cattle fair city in Rajasthan, India Category: Scenic & Cultural. Famous for: Scenic & Cultural tourism, regional heritage, and sightseeing in Rajasthan. Activities: Sightseeing, Local cuisine, Cultural exploration, Photography. Suitable for: Couples, Families, Solo travelers, Friends. Best season: October to March (Winter)"
Dharamshala,Dharamshala,Himachal Pradesh,Scenic & Cultural,"city in Himachal Pradesh, India","Sightseeing, Local cuisine, Cultural exploration, Photography","Scenic & Cultural tourism, regional heritage, and sightseeing in Himachal Pradesh","Couples, Families, Solo travelers, Friends",October to March (Winter),4.6,1900,3,32.2153,76.3186,Moderate,Moderate,India,"Dharamshala in Himachal Pradesh. city in Himachal Pradesh, India Category: Scenic & Cultural. Famous for: Scenic & Cultural tourism, regional heritage, and sightseeing in Himachal Pradesh. Activities: Sightseeing, Local cuisine, Cultural exploration, Photography. Suitable for: Couples, Families, Solo travelers, Friends. Best season: October to March (Winter)"
Bhuj,Bhuj,Gujarat,Scenic & Cultural,city in Gujarat,"Sightseeing, Local cuisine, Cultural exploration, Photography","Scenic & Cultural tourism, regional heritage, and sightseeing in Gujarat","Couples, Families, Solo travelers, Friends",October to March (Winter),4.6,1900,3,23.2539,69.6692,Moderate,Moderate,India,"Bhuj in Gujarat. city in Gujarat Category: Scenic & Cultural. Famous for: Scenic & Cultural tourism, regional heritage, and sightseeing in Gujarat. Activities: Sightseeing, Local cuisine, Cultural exploration, Photography. Suitable for: Couples, Families, Solo travelers, Friends. Best season: October to March (Winter)"
Punalur,Punalur,India,Scenic & Cultural,city,"Sightseeing, Local cuisine, Cultural exploration, Photography","Scenic & Cultural tourism, regional heritage, and sightseeing in India","Couples, Families, Solo travelers, Friends",October to March (Winter),4.6,1900,3,9.0176,76.9265,Moderate,Moderate,India,"Punalur in India. city Category: Scenic & Cultural. Famous for: Scenic & Cultural tourism, regional heritage, and sightseeing in India. Activities: Sightseeing, Local cuisine, Cultural exploration, Photography. Suitable for: Couples, Families, Solo travelers, Friends. Best season: October to March (Winter)"
Srikakulam,Srikakulam,Andhra Pradesh,Scenic & Cultural,"city in Srikakulam district, Andhra Pradesh, India","Sightseeing, Local cuisine, Cultural exploration, Photography","Scenic & Cultural tourism, regional heritage, and sightseeing in Andhra Pradesh","Couples, Families, Solo travelers, Friends",October to March (Winter),4.3,1900,3,18.3,83.9,Moderate,Moderate,India,"Srikakulam in Andhra Pradesh. city in Srikakulam district, Andhra Pradesh, India Category: Scenic & Cultural. Famous for: Scenic & Cultural tourism, regional heritage, and sightseeing in Andhra Pradesh. Activities: Sightseeing, Local cuisine, Cultural exploration, Photography. Suitable for: Couples, Families, Solo travelers, Friends. Best season: October to March (Winter)"
Tamralipta,Tamralipta,India,Scenic & Cultural,ancient City in Eastern India,"Sightseeing, Local cuisine, Cultural exploration, Photography","Scenic & Cultural tourism, regional heritage, and sightseeing in India","Couples, Families, Solo travelers, Friends",October to March (Winter),4.7,1900,3,20.5937,78.9629,Moderate,Moderate,India,"Tamralipta in India. ancient City in Eastern India Category: Scenic & Cultural. Famous for: Scenic & Cultural tourism, regional heritage, and sightseeing in India. Activities: Sightseeing, Local cuisine, Cultural exploration, Photography. Suitable for: Couples, Families, Solo travelers, Friends. Best season: October to March (Winter)"
Kottayam,Kottayam,Kerala,Scenic & Cultural,city in the Indian state of Kerala,"Sightseeing, Local cuisine, Cultural exploration, Photography","Scenic & Cultural tourism, regional heritage, and sightseeing in Kerala","Couples, Families, Solo travelers, Friends",October to March (Winter),4.4,1900,3,9.5917,76.5222,Moderate,Moderate,India,"Kottayam in Kerala. city in the Indian state of Kerala Category: Scenic & Cultural. Famous for: Scenic & Cultural tourism, regional heritage, and sightseeing in Kerala. Activities: Sightseeing, Local cuisine, Cultural exploration, Photography. Suitable for: Couples, Families, Solo travelers, Friends. Best season: October to March (Winter)"
Chas,Chas,Jharkhand,Scenic & Cultural,city,"Sightseeing, Local cuisine, Cultural exploration, Photography","Scenic & Cultural tourism, regional heritage, and sightseeing in Jharkhand","Couples, Families, Solo travelers, Friends",October to March (Winter),4.3,1900,3,23.63,86.17,Moderate,Moderate,India,"Chas in Jharkhand. city Category: Scenic & Cultural. Famous for: Scenic & Cultural tourism, regional heritage, and sightseeing in Jharkhand. Activities: Sightseeing, Local cuisine, Cultural exploration, Photography. Suitable for: Couples, Families, Solo travelers, Friends. Best season: October to March (Winter)"
Bhilwara,Bhilwara,Rajasthan,Scenic & Cultural,city in India,"Sightseeing, Local cuisine, Cultural exploration, Photography","Scenic & Cultural tourism, regional heritage, and sightseeing in Rajasthan","Couples, Families, Solo travelers, Friends",October to March (Winter),4.7,1900,3,25.35,74.6333,Moderate,Moderate,India,"Bhilwara in Rajasthan. city in India Category: Scenic & Cultural. Famous for: Scenic & Cultural tourism, regional heritage, and sightseeing in Rajasthan. Activities: Sightseeing, Local cuisine, Cultural exploration, Photography. Suitable for: Couples, Families, Solo travelers, Friends. Best season: October to March (Winter)"
Budaun,Budaun,Uttar Pradesh,Scenic & Cultural,"city in Uttar Pradesh, India","Sightseeing, Local cuisine, Cultural exploration, Photography","Scenic & Cultural tourism, regional heritage, and sightseeing in Uttar Pradesh","Couples, Families, Solo travelers, Friends",October to March (Winter),4.7,1900,3,28.05,79.12,Moderate,Moderate,India,"Budaun in Uttar Pradesh. city in Uttar Pradesh, India Category: Scenic & Cultural. Famous for: Scenic & Cultural tourism, regional heritage, and sightseeing in Uttar Pradesh. Activities: Sightseeing, Local cuisine, Cultural exploration, Photography. Suitable for: Couples, Families, Solo travelers, Friends. Best season: October to March (Winter)"
Dindigul,Dindigul,Tamil Nadu,Scenic & Cultural,"city in Tamil Nadu, India","Sightseeing, Local cuisine, Cultural exploration, Photography","Scenic & Cultural tourism, regional heritage, and sightseeing in Tamil Nadu","Couples, Families, Solo travelers, Friends",October to March (Winter),4.4,1900,3,10.362,77.9736,Moderate,Moderate,India,"Dindigul in Tamil Nadu. city in Tamil Nadu, India Category: Scenic & Cultural. Famous for: Scenic & Cultural tourism, regional heritage, and sightseeing in Tamil Nadu. Activities: Sightseeing, Local cuisine, Cultural exploration, Photography. Suitable for: Couples, Families, Solo travelers, Friends. Best season: October to March (Winter)"
Nanded-Waghala,Nanded-Waghala,India,Scenic & Cultural,waterfall,"Sightseeing, Local cuisine, Cultural exploration, Photography","Scenic & Cultural tourism, regional heritage, and sightseeing in India","Couples, Families, Solo travelers, Friends",October to March (Winter),4.5,1900,3,19.1497,77.3331,Moderate,Moderate,India,"Nanded-Waghala in India. waterfall Category: Scenic & Cultural. Famous for: Scenic & Cultural tourism, regional heritage, and sightseeing in India. Activities: Sightseeing, Local cuisine, Cultural exploration, Photography. Suitable for: Couples, Families, Solo travelers, Friends. Best season: October to March (Winter)"
Tiruppur,Tiruppur,Tamil Nadu,Scenic & Cultural,"city in Tamil Nadu, India","Sightseeing, Local cuisine, Cultural exploration, Photography","Scenic & Cultural tourism, regional heritage, and sightseeing in Tamil Nadu","Couples, Families, Solo travelers, Friends",October to March (Winter),4.6,1900,3,11.1075,77.3398,Moderate,Moderate,India,"Tiruppur in Tamil Nadu. city in Tamil Nadu, India Category: Scenic & Cultural. Famous for: Scenic & Cultural tourism, regional heritage, and sightseeing in Tamil Nadu. Activities: Sightseeing, Local cuisine, Cultural exploration, Photography. Suitable for: Couples, Families, Solo travelers, Friends. Best season: October to March (Winter)"
Nagercoil,Nagercoil,Tamil Nadu,Scenic & Cultural,"city in Kanyakumari district, Tamil Nadu, India","Sightseeing, Local cuisine, Cultural exploration, Photography","Scenic & Cultural tourism, regional heritage, and sightseeing in Tamil Nadu","Couples, Families, Solo travelers, Friends",October to March (Winter),4.7,1900,3,8.1875,77.4294,Moderate,Moderate,India,"Nagercoil in Tamil Nadu. city in Kanyakumari district, Tamil Nadu, India Category: Scenic & Cultural. Famous for: Scenic & Cultural tourism, regional heritage, and sightseeing in Tamil Nadu. Activities: Sightseeing, Local cuisine, Cultural exploration, Photography. Suitable for: Couples, Families, Solo travelers, Friends. Best season: October to March (Winter)"
Bilara,Bilara,Rajasthan,Scenic & Cultural,Tehsil of Jodhpur District,"Sightseeing, Local cuisine, Cultural exploration, Photography","Scenic & Cultural tourism, regional heritage, and sightseeing in Rajasthan","Couples, Families, Solo travelers, Friends",October to March (Winter),4.5,1900,3,26.1792,73.7056,Moderate,Moderate,India,"Bilara in Rajasthan. Tehsil of Jodhpur District Category: Scenic & Cultural. Famous for: Scenic & Cultural tourism, regional heritage, and sightseeing in Rajasthan. Activities: Sightseeing, Local cuisine, Cultural exploration, Photography. Suitable for: Couples, Families, Solo travelers, Friends. Best season: October to March (Winter)"
Bijnor,Bijnor,Uttar Pradesh,Scenic & Cultural,city in Uttar Pradesh,"Sightseeing, Local cuisine, Cultural exploration, Photography","Scenic & Cultural tourism, regional heritage, and sightseeing in Uttar Pradesh","Couples, Families, Solo travelers, Friends",October to March (Winter),4.2,1900,3,29.37,78.13,Moderate,Moderate,India,"Bijnor in Uttar Pradesh. city in Uttar Pradesh Category: Scenic & Cultural. Famous for: Scenic & Cultural tourism, regional heritage, and sightseeing in Uttar Pradesh. Activities: Sightseeing, Local cuisine, Cultural exploration, Photography. Suitable for: Couples, Families, Solo travelers, Friends. Best season: October to March (Winter)"
Fatehpur Sikri,Fatehpur Sikri,Uttar Pradesh,Scenic & Cultural,"town in Agra District, Uttar Pradesh, India","Sightseeing, Local cuisine, Cultural exploration, Photography","Scenic & Cultural tourism, regional heritage, and sightseeing in Uttar Pradesh","Couples, Families, Solo travelers, Friends",October to March (Winter),4.7,1900,3,27.0911,77.6611,Moderate,Moderate,India,"Fatehpur Sikri in Uttar Pradesh. town in Agra District, Uttar Pradesh, India Category: Scenic & Cultural. Famous for: Scenic & Cultural tourism, regional heritage, and sightseeing in Uttar Pradesh. Activities: Sightseeing, Local cuisine, Cultural exploration, Photography. Suitable for: Couples, Families, Solo travelers, Friends. Best season: October to March (Winter)"
Faizabad,Faizabad,Uttar Pradesh,Scenic & Cultural,"city in Uttar Pradesh, India","Sightseeing, Local cuisine, Cultural exploration, Photography","Scenic & Cultural tourism, regional heritage, and sightseeing in Uttar Pradesh","Couples, Families, Solo travelers, Friends",October to March (Winter),4.3,1900,3,26.7833,82.1333,Moderate,Moderate,India,"Faizabad in Uttar Pradesh. city in Uttar Pradesh, India Category: Scenic & Cultural. Famous for: Scenic & Cultural tourism, regional heritage, and sightseeing in Uttar Pradesh. Activities: Sightseeing, Local cuisine, Cultural exploration, Photography. Suitable for: Couples, Families, Solo travelers, Friends. Best season: October to March (Winter)"
Bhubaneswar,Bhubaneswar,Odisha,Scenic & Cultural,"capital city of Odisha, India","Sightseeing, Local cuisine, Cultural exploration, Photography","Scenic & Cultural tourism, regional heritage, and sightseeing in Odisha","Couples, Families, Solo travelers, Friends",October to March (Winter),4.5,1900,3,20.295,85.825,Moderate,Moderate,India,"Bhubaneswar in Odisha. capital city of Odisha, India Category: Scenic & Cultural. Famous for: Scenic & Cultural tourism, regional heritage, and sightseeing in Odisha. Activities: Sightseeing, Local cuisine, Cultural exploration, Photography. Suitable for: Couples, Families, Solo travelers, Friends. Best season: October to March (Winter)"
Dwarka,Dwarka,Gujarat,Heritage & Culture,temple city in Devbhoomi Dwarka district in the Gujarat state in India,"Historical monuments, Architecture exploration, Guided walks, Photography","Heritage & Culture tourism, regional heritage, and sightseeing in Gujarat","Couples, Families, Solo travelers, Friends",October to March (Pleasant Winter),4.2,2000,3,22.2403,68.9686,Moderate,Moderate,India,"Dwarka in Gujarat. temple city in Devbhoomi Dwarka district in the Gujarat state in India Category: Heritage & Culture. Famous for: Heritage & Culture tourism, regional heritage, and sightseeing in Gujarat. Activities: Historical monuments, Architecture exploration, Guided walks, Photography. Suitable for: Couples, Families, Solo travelers, Friends. Best season: October to March (Pleasant Winter)"
Varanasi,Varanasi,Uttar Pradesh,Scenic & Cultural,city on the banks of the Ganges in the Uttar Pradesh state of India,"Sightseeing, Local cuisine, Cultural exploration, Photography","Scenic & Cultural tourism, regional heritage, and sightseeing in Uttar Pradesh","Couples, Families, Solo travelers, Friends",October to March (Winter),4.7,1900,3,25.3189,83.0128,Moderate,Moderate,India,"Varanasi in Uttar Pradesh. city on the banks of the Ganges in the Uttar Pradesh state of India Category: Scenic & Cultural. Famous for: Scenic & Cultural tourism, regional heritage, and sightseeing in Uttar Pradesh. Activities: Sightseeing, Local cuisine, Cultural exploration, Photography. Suitable for: Couples, Families, Solo travelers, Friends. Best season: October to March (Winter)"
Barnala,Barnala,Punjab,Scenic & Cultural,City in Punjab (India),"Sightseeing, Local cuisine, Cultural exploration, Photography","Scenic & Cultural tourism, regional heritage, and sightseeing in Punjab","Couples, Families, Solo travelers, Friends",October to March (Winter),4.3,1900,3,30.37,75.54,Moderate,Moderate,India,"Barnala in Punjab. City in Punjab (India) Category: Scenic & Cultural. Famous for: Scenic & Cultural tourism, regional heritage, and sightseeing in Punjab. Activities: Sightseeing, Local cuisine, Cultural exploration, Photography. Suitable for: Couples, Families, Solo travelers, Friends. Best season: October to March (Winter)"
Shimla,Shimla,Himachal Pradesh,Scenic & Cultural,"capital of Himachal Pradesh, India","Sightseeing, Local cuisine, Cultural exploration, Photography","Scenic & Cultural tourism, regional heritage, and sightseeing in Himachal Pradesh","Couples, Families, Solo travelers, Friends",October to March (Winter),4.3,1900,3,31.1033,77.1722,Moderate,Moderate,India,"Shimla in Himachal Pradesh. capital of Himachal Pradesh, India Category: Scenic & Cultural. Famous for: Scenic & Cultural tourism, regional heritage, and sightseeing in Himachal Pradesh. Activities: Sightseeing, Local cuisine, Cultural exploration, Photography. Suitable for: Couples, Families, Solo travelers, Friends. Best season: October to March (Winter)"
Beawar,Beawar,Rajasthan,Scenic & Cultural,city,"Sightseeing, Local cuisine, Cultural exploration, Photography","Scenic & Cultural tourism, regional heritage, and sightseeing in Rajasthan","Couples, Families, Solo travelers, Friends",October to March (Winter),4.4,1900,3,26.1011,74.3203,Moderate,Moderate,India,"Beawar in Rajasthan. city Category: Scenic & Cultural. Famous for: Scenic & Cultural tourism, regional heritage, and sightseeing in Rajasthan. Activities: Sightseeing, Local cuisine, Cultural exploration, Photography. Suitable for: Couples, Families, Solo travelers, Friends. Best season: October to March (Winter)"
Bhiwani,Bhiwani,Haryana,Scenic & Cultural,"city and a municipal council in Bhiwani district in the state of Haryana, India","Sightseeing, Local cuisine, Cultural exploration, Photography","Scenic & Cultural tourism, regional heritage, and sightseeing in Haryana","Couples, Families, Solo travelers, Friends",October to March (Winter),4.6,1900,3,28.7931,76.1397,Moderate,Moderate,India,"Bhiwani in Haryana. city and a municipal council in Bhiwani district in the state of Haryana, India Category: Scenic & Cultural. Famous for: Scenic & Cultural tourism, regional heritage, and sightseeing in Haryana. Activities: Sightseeing, Local cuisine, Cultural exploration, Photography. Suitable for: Couples, Families, Solo travelers, Friends. Best season: October to March (Winter)"
Basavakalyan,Basavakalyan,Karnataka,Scenic & Cultural,City in Bidar district,"Sightseeing, Local cuisine, Cultural exploration, Photography","Scenic & Cultural tourism, regional heritage, and sightseeing in Karnataka","Couples, Families, Solo travelers, Friends",October to March (Winter),4.6,1900,3,17.87,76.95,Moderate,Moderate,India,"Basavakalyan in Karnataka. City in Bidar district Category: Scenic & Cultural. Famous for: Scenic & Cultural tourism, regional heritage, and sightseeing in Karnataka. Activities: Sightseeing, Local cuisine, Cultural exploration, Photography. Suitable for: Couples, Families, Solo travelers, Friends. Best season: October to March (Winter)"
Baramati,Baramati,Maharashtra,Scenic & Cultural,city,"Sightseeing, Local cuisine, Cultural exploration, Photography","Scenic & Cultural tourism, regional heritage, and sightseeing in Maharashtra","Couples, Families, Solo travelers, Friends",October to March (Winter),4.8,1900,3,18.15,74.58,Moderate,Moderate,India,"Baramati in Maharashtra. city Category: Scenic & Cultural. Famous for: Scenic & Cultural tourism, regional heritage, and sightseeing in Maharashtra. Activities: Sightseeing, Local cuisine, Cultural exploration, Photography. Suitable for: Couples, Families, Solo travelers, Friends. Best season: October to March (Winter)"
Nanded,Nanded,India,Scenic & Cultural,city in India,"Sightseeing, Local cuisine, Cultural exploration, Photography","Scenic & Cultural tourism, regional heritage, and sightseeing in India","Couples, Families, Solo travelers, Friends",October to March (Winter),4.4,1900,3,19.15,77.3333,Moderate,Moderate,India,"Nanded in India. city in India Category: Scenic & Cultural. Famous for: Scenic & Cultural tourism, regional heritage, and sightseeing in India. Activities: Sightseeing, Local cuisine, Cultural exploration, Photography. Suitable for: Couples, Families, Solo travelers, Friends. Best season: October to March (Winter)"
Baripada,Baripada,Odisha,Scenic & Cultural,City and a municipality in Mayurbhanj district in the state of Odisha,"Sightseeing, Local cuisine, Cultural exploration, Photography","Scenic & Cultural tourism, regional heritage, and sightseeing in Odisha","Couples, Families, Solo travelers, Friends",October to March (Winter),4.5,1900,3,21.935,86.7214,Moderate,Moderate,India,"Baripada in Odisha. City and a municipality in Mayurbhanj district in the state of Odisha Category: Scenic & Cultural. Famous for: Scenic & Cultural tourism, regional heritage, and sightseeing in Odisha. Activities: Sightseeing, Local cuisine, Cultural exploration, Photography. Suitable for: Couples, Families, Solo travelers, Friends. Best season: October to March (Winter)"
Ananthapuram,Ananthapuram,Andhra Pradesh,Scenic & Cultural,"city in Ananthapuram district, Andhra Pradesh, India","Sightseeing, Local cuisine, Cultural exploration, Photography","Scenic & Cultural tourism, regional heritage, and sightseeing in Andhra Pradesh","Couples, Families, Solo travelers, Friends",October to March (Winter),4.5,1900,3,14.6833,77.6,Moderate,Moderate,India,"Ananthapuram in Andhra Pradesh. city in Ananthapuram district, Andhra Pradesh, India Category: Scenic & Cultural. Famous for: Scenic & Cultural tourism, regional heritage, and sightseeing in Andhra Pradesh. Activities: Sightseeing, Local cuisine, Cultural exploration, Photography. Suitable for: Couples, Families, Solo travelers, Friends. Best season: October to March (Winter)"
Beed,Beed,Maharashtra,Scenic & Cultural,"City in Maharashtra, India","Sightseeing, Local cuisine, Cultural exploration, Photography","Scenic & Cultural tourism, regional heritage, and sightseeing in Maharashtra","Couples, Families, Solo travelers, Friends",October to March (Winter),4.2,1900,3,18.9904,75.7542,Moderate,Moderate,India,"Beed in Maharashtra. City in Maharashtra, India Category: Scenic & Cultural. Famous for: Scenic & Cultural tourism, regional heritage, and sightseeing in Maharashtra. Activities: Sightseeing, Local cuisine, Cultural exploration, Photography. Suitable for: Couples, Families, Solo travelers, Friends. Best season: October to March (Winter)"
Bhiwandi,Bhiwandi,Maharashtra,Scenic & Cultural,Big City Located In thane Dist.,"Sightseeing, Local cuisine, Cultural exploration, Photography","Scenic & Cultural tourism, regional heritage, and sightseeing in Maharashtra","Couples, Families, Solo travelers, Friends",October to March (Winter),4.7,1900,3,19.3,73.0667,Moderate,Moderate,India,"Bhiwandi in Maharashtra. Big City Located In thane Dist. Category: Scenic & Cultural. Famous for: Scenic & Cultural tourism, regional heritage, and sightseeing in Maharashtra. Activities: Sightseeing, Local cuisine, Cultural exploration, Photography. Suitable for: Couples, Families, Solo travelers, Friends. Best season: October to March (Winter)"
Bhagalpur,Bhagalpur,Bihar,Scenic & Cultural,"City in Bihar, India","Sightseeing, Local cuisine, Cultural exploration, Photography","Scenic & Cultural tourism, regional heritage, and sightseeing in Bihar","Couples, Families, Solo travelers, Friends",October to March (Winter),4.7,1900,3,25.2444,86.9719,Moderate,Moderate,India,"Bhagalpur in Bihar. City in Bihar, India Category: Scenic & Cultural. Famous for: Scenic & Cultural tourism, regional heritage, and sightseeing in Bihar. Activities: Sightseeing, Local cuisine, Cultural exploration, Photography. Suitable for: Couples, Families, Solo travelers, Friends. Best season: October to March (Winter)"
Mancherial,Mancherial,Telangana,Scenic & Cultural,"City in Mancherial mandal of Mancherial district, Telangana, India","Sightseeing, Local cuisine, Cultural exploration, Photography","Scenic & Cultural tourism, regional heritage, and sightseeing in Telangana","Couples, Families, Solo travelers, Friends",October to March (Winter),4.8,1900,3,18.8721,79.4472,Moderate,Moderate,India,"Mancherial in Telangana. City in Mancherial mandal of Mancherial district, Telangana, India Category: Scenic & Cultural. Famous for: Scenic & Cultural tourism, regional heritage, and sightseeing in Telangana. Activities: Sightseeing, Local cuisine, Cultural exploration, Photography. Suitable for: Couples, Families, Solo travelers, Friends. Best season: October to March (Winter)"
Tiruvannamalai,Tiruvannamalai,Tamil Nadu,Scenic & Cultural,"city in Tamil Nadu, India","Sightseeing, Local cuisine, Cultural exploration, Photography","Scenic & Cultural tourism, regional heritage, and sightseeing in Tamil Nadu","Couples, Families, Solo travelers, Friends",October to March (Winter),4.5,1900,3,12.25,79.0833,Moderate,Moderate,India,"Tiruvannamalai in Tamil Nadu. city in Tamil Nadu, India Category: Scenic & Cultural. Famous for: Scenic & Cultural tourism, regional heritage, and sightseeing in Tamil Nadu. Activities: Sightseeing, Local cuisine, Cultural exploration, Photography. Suitable for: Couples, Families, Solo travelers, Friends. Best season: October to March (Winter)"
Bhopal,Bhopal,Madhya Pradesh,Scenic & Cultural,"metropolis and state capital in Madhya Pradesh, India","Sightseeing, Local cuisine, Cultural exploration, Photography","Scenic & Cultural tourism, regional heritage, and sightseeing in Madhya Pradesh","Couples, Families, Solo travelers, Friends",October to March (Winter),4.3,1900,3,23.2589,77.4125,Moderate,Moderate,India,"Bhopal in Madhya Pradesh. metropolis and state capital in Madhya Pradesh, India Category: Scenic & Cultural. Famous for: Scenic & Cultural tourism, regional heritage, and sightseeing in Madhya Pradesh. Activities: Sightseeing, Local cuisine, Cultural exploration, Photography. Suitable for: Couples, Families, Solo travelers, Friends. Best season: October to March (Winter)"
Bharuch,Bharuch,Gujarat,Scenic & Cultural,"city in Gujarat state, India","Sightseeing, Local cuisine, Cultural exploration, Photography","Scenic & Cultural tourism, regional heritage, and sightseeing in Gujarat","Couples, Families, Solo travelers, Friends",October to March (Winter),4.6,1900,3,21.7,72.9667,Moderate,Moderate,India,"Bharuch in Gujarat. city in Gujarat state, India Category: Scenic & Cultural. Famous for: Scenic & Cultural tourism, regional heritage, and sightseeing in Gujarat. Activities: Sightseeing, Local cuisine, Cultural exploration, Photography. Suitable for: Couples, Families, Solo travelers, Friends. Best season: October to March (Winter)"
Gwalior,Gwalior,Madhya Pradesh,Scenic & Cultural,"city in Madhya Pradesh, India","Sightseeing, Local cuisine, Cultural exploration, Photography","Scenic & Cultural tourism, regional heritage, and sightseeing in Madhya Pradesh","Couples, Families, Solo travelers, Friends",October to March (Winter),4.4,1900,3,26.2125,78.1775,Moderate,Moderate,India,"Gwalior in Madhya Pradesh. city in Madhya Pradesh, India Category: Scenic & Cultural. Famous for: Scenic & Cultural tourism, regional heritage, and sightseeing in Madhya Pradesh. Activities: Sightseeing, Local cuisine, Cultural exploration, Photography. Suitable for: Couples, Families, Solo travelers, Friends. Best season: October to March (Winter)"
Khajuraho,Khajuraho,India,Scenic & Cultural,city,"Sightseeing, Local cuisine, Cultural exploration, Photography","Scenic & Cultural tourism, regional heritage, and sightseeing in India","Couples, Families, Solo travelers, Friends",October to March (Winter),4.2,1900,3,24.8528,79.9255,Moderate,Moderate,India,"Khajuraho in India. city Category: Scenic & Cultural. Famous for: Scenic & Cultural tourism, regional heritage, and sightseeing in India. Activities: Sightseeing, Local cuisine, Cultural exploration, Photography. Suitable for: Couples, Families, Solo travelers, Friends. Best season: October to March (Winter)"
Karur,Karur,Tamil Nadu,Scenic & Cultural,"city and municipality in Tamil Nadu, India","Sightseeing, Local cuisine, Cultural exploration, Photography","Scenic & Cultural tourism, regional heritage, and sightseeing in Tamil Nadu","Couples, Families, Solo travelers, Friends",October to March (Winter),4.4,1900,3,10.96,78.075,Moderate,Moderate,India,"Karur in Tamil Nadu. city and municipality in Tamil Nadu, India Category: Scenic & Cultural. Famous for: Scenic & Cultural tourism, regional heritage, and sightseeing in Tamil Nadu. Activities: Sightseeing, Local cuisine, Cultural exploration, Photography. Suitable for: Couples, Families, Solo travelers, Friends. Best season: October to March (Winter)"
Biswanath Chariali,Biswanath Chariali,India,Scenic & Cultural,city,"Sightseeing, Local cuisine, Cultural exploration, Photography","Scenic & Cultural tourism, regional heritage, and sightseeing in India","Couples, Families, Solo travelers, Friends",October to March (Winter),4.4,1900,3,26.7278,93.1517,Moderate,Moderate,India,"Biswanath Chariali in India. city Category: Scenic & Cultural. Famous for: Scenic & Cultural tourism, regional heritage, and sightseeing in India. Activities: Sightseeing, Local cuisine, Cultural exploration, Photography. Suitable for: Couples, Families, Solo travelers, Friends. Best season: October to March (Winter)"
Ayodhya,Ayodhya,Uttar Pradesh,Scenic & Cultural,"city in Uttar Pradesh, India","Sightseeing, Local cuisine, Cultural exploration, Photography","Scenic & Cultural tourism, regional heritage, and sightseeing in Uttar Pradesh","Couples, Families, Solo travelers, Friends",October to March (Winter),4.3,1900,3,26.7992,82.2044,Moderate,Moderate,India,"Ayodhya in Uttar Pradesh. city in Uttar Pradesh, India Category: Scenic & Cultural. Famous for: Scenic & Cultural tourism, regional heritage, and sightseeing in Uttar Pradesh. Activities: Sightseeing, Local cuisine, Cultural exploration, Photography. Suitable for: Couples, Families, Solo travelers, Friends. Best season: October to March (Winter)"
Dhule,Dhule,Maharashtra,Scenic & Cultural,city,"Sightseeing, Local cuisine, Cultural exploration, Photography","Scenic & Cultural tourism, regional heritage, and sightseeing in Maharashtra","Couples, Families, Solo travelers, Friends",October to March (Winter),4.6,1900,3,20.9014,74.7775,Moderate,Moderate,India,"Dhule in Maharashtra. city Category: Scenic & Cultural. Famous for: Scenic & Cultural tourism, regional heritage, and sightseeing in Maharashtra. Activities: Sightseeing, Local cuisine, Cultural exploration, Photography. Suitable for: Couples, Families, Solo travelers, Friends. Best season: October to March (Winter)"
Bundi,Bundi,Rajasthan,Scenic & Cultural,"city in Bundi district, Rajasthan, India","Sightseeing, Local cuisine, Cultural exploration, Photography","Scenic & Cultural tourism, regional heritage, and sightseeing in Rajasthan","Couples, Families, Solo travelers, Friends",October to March (Winter),4.8,1900,3,25.4383,75.6372,Moderate,Moderate,India,"Bundi in Rajasthan. city in Bundi district, Rajasthan, India Category: Scenic & Cultural. Famous for: Scenic & Cultural tourism, regional heritage, and sightseeing in Rajasthan. Activities: Sightseeing, Local cuisine, Cultural exploration, Photography. Suitable for: Couples, Families, Solo travelers, Friends. Best season: October to March (Winter)"
Machilipatnam,Machilipatnam,Andhra Pradesh,Scenic & Cultural,"city in Krishna district, Andhra Pradesh, India","Sightseeing, Local cuisine, Cultural exploration, Photography","Scenic & Cultural tourism, regional heritage, and sightseeing in Andhra Pradesh","Couples, Families, Solo travelers, Friends",October to March (Winter),4.5,1900,3,16.1667,81.1333,Moderate,Moderate,India,"Machilipatnam in Andhra Pradesh. city in Krishna district, Andhra Pradesh, India Category: Scenic & Cultural. Famous for: Scenic & Cultural tourism, regional heritage, and sightseeing in Andhra Pradesh. Activities: Sightseeing, Local cuisine, Cultural exploration, Photography. Suitable for: Couples, Families, Solo travelers, Friends. Best season: October to March (Winter)"
Bilaspur,Bilaspur,Chhattisgarh,Scenic & Cultural,city in Chhattisgarh state of India,"Sightseeing, Local cuisine, Cultural exploration, Photography","Scenic & Cultural tourism, regional heritage, and sightseeing in Chhattisgarh","Couples, Families, Solo travelers, Friends",October to March (Winter),4.7,1900,3,22.08,82.1556,Moderate,Moderate,India,"Bilaspur in Chhattisgarh. city in Chhattisgarh state of India Category: Scenic & Cultural. Famous for: Scenic & Cultural tourism, regional heritage, and sightseeing in Chhattisgarh. Activities: Sightseeing, Local cuisine, Cultural exploration, Photography. Suitable for: Couples, Families, Solo travelers, Friends. Best season: October to March (Winter)"
Chengalpattu,Chengalpattu,India,Scenic & Cultural,city,"Sightseeing, Local cuisine, Cultural exploration, Photography","Scenic & Cultural tourism, regional heritage, and sightseeing in India","Couples, Families, Solo travelers, Friends",October to March (Winter),4.5,1900,3,12.6906,79.9778,Moderate,Moderate,India,"Chengalpattu in India. city Category: Scenic & Cultural. Famous for: Scenic & Cultural tourism, regional heritage, and sightseeing in India. Activities: Sightseeing, Local cuisine, Cultural exploration, Photography. Suitable for: Couples, Families, Solo travelers, Friends. Best season: October to March (Winter)"
Ratlam,Ratlam,Madhya Pradesh,Scenic & Cultural,city in India,"Sightseeing, Local cuisine, Cultural exploration, Photography","Scenic & Cultural tourism, regional heritage, and sightseeing in Madhya Pradesh","Couples, Families, Solo travelers, Friends",October to March (Winter),4.4,1900,3,23.3167,75.0667,Moderate,Moderate,India,"Ratlam in Madhya Pradesh. city in India Category: Scenic & Cultural. Famous for: Scenic & Cultural tourism, regional heritage, and sightseeing in Madhya Pradesh. Activities: Sightseeing, Local cuisine, Cultural exploration, Photography. Suitable for: Couples, Families, Solo travelers, Friends. Best season: October to March (Winter)"
Thiruvananthapuram,Thiruvananthapuram,Kerala,Scenic & Cultural,city in southern India; the capital of Kerala,"Sightseeing, Local cuisine, Cultural exploration, Photography","Scenic & Cultural tourism, regional heritage, and sightseeing in Kerala","Couples, Families, Solo travelers, Friends",October to March (Winter),4.5,1900,3,8.4875,76.9525,Moderate,Moderate,India,"Thiruvananthapuram in Kerala. city in southern India; the capital of Kerala Category: Scenic & Cultural. Famous for: Scenic & Cultural tourism, regional heritage, and sightseeing in Kerala. Activities: Sightseeing, Local cuisine, Cultural exploration, Photography. Suitable for: Couples, Families, Solo travelers, Friends. Best season: October to March (Winter)"
Panipat,Panipat,Haryana,Scenic & Cultural,city in India,"Sightseeing, Local cuisine, Cultural exploration, Photography","Scenic & Cultural tourism, regional heritage, and sightseeing in Haryana","Couples, Families, Solo travelers, Friends",October to March (Winter),4.2,1900,3,29.3875,76.97,Moderate,Moderate,India,"Panipat in Haryana. city in India Category: Scenic & Cultural. Famous for: Scenic & Cultural tourism, regional heritage, and sightseeing in Haryana. Activities: Sightseeing, Local cuisine, Cultural exploration, Photography. Suitable for: Couples, Families, Solo travelers, Friends. Best season: October to March (Winter)"
Aizawl,Aizawl,Mizoram,Scenic & Cultural,"capital of Mizoram, India","Sightseeing, Local cuisine, Cultural exploration, Photography","Scenic & Cultural tourism, regional heritage, and sightseeing in Mizoram","Couples, Families, Solo travelers, Friends",October to March (Winter),4.4,1900,3,23.7333,92.7167,Moderate,Moderate,India,"Aizawl in Mizoram. capital of Mizoram, India Category: Scenic & Cultural. Famous for: Scenic & Cultural tourism, regional heritage, and sightseeing in Mizoram. Activities: Sightseeing, Local cuisine, Cultural exploration, Photography. Suitable for: Couples, Families, Solo travelers, Friends. Best season: October to March (Winter)"
Kanpur,Kanpur,Uttar Pradesh,Scenic & Cultural,"city in Uttar Pradesh, India","Sightseeing, Local cuisine, Cultural exploration, Photography","Scenic & Cultural tourism, regional heritage, and sightseeing in Uttar Pradesh","Couples, Families, Solo travelers, Friends",October to March (Winter),4.8,1900,3,26.4725,80.3311,Moderate,Moderate,India,"Kanpur in Uttar Pradesh. city in Uttar Pradesh, India Category: Scenic & Cultural. Famous for: Scenic & Cultural tourism, regional heritage, and sightseeing in Uttar Pradesh. Activities: Sightseeing, Local cuisine, Cultural exploration, Photography. Suitable for: Couples, Families, Solo travelers, Friends. Best season: October to March (Winter)"
Baramulla,Baramulla,India,Scenic & Cultural,"city in Kashmir, India","Sightseeing, Local cuisine, Cultural exploration, Photography","Scenic & Cultural tourism, regional heritage, and sightseeing in India","Couples, Families, Solo travelers, Friends",October to March (Winter),4.5,1900,3,34.2089,74.3428,Moderate,Moderate,India,"Baramulla in India. city in Kashmir, India Category: Scenic & Cultural. Famous for: Scenic & Cultural tourism, regional heritage, and sightseeing in India. Activities: Sightseeing, Local cuisine, Cultural exploration, Photography. Suitable for: Couples, Families, Solo travelers, Friends. Best season: October to March (Winter)"
Bokaro Steel City,Bokaro Steel City,Jharkhand,Scenic & Cultural,steel city of India,"Sightseeing, Local cuisine, Cultural exploration, Photography","Scenic & Cultural tourism, regional heritage, and sightseeing in Jharkhand","Couples, Families, Solo travelers, Friends",October to March (Winter),4.3,1900,3,23.67,86.15,Moderate,Moderate,India,"Bokaro Steel City in Jharkhand. steel city of India Category: Scenic & Cultural. Famous for: Scenic & Cultural tourism, regional heritage, and sightseeing in Jharkhand. Activities: Sightseeing, Local cuisine, Cultural exploration, Photography. Suitable for: Couples, Families, Solo travelers, Friends. Best season: October to March (Winter)"
Bathinda,Bathinda,Punjab,Scenic & Cultural,"headquarter and city in Bathinda District, Punjab, India","Sightseeing, Local cuisine, Cultural exploration, Photography","Scenic & Cultural tourism, regional heritage, and sightseeing in Punjab","Couples, Families, Solo travelers, Friends",October to March (Winter),4.5,1900,3,30.2133,74.9519,Moderate,Moderate,India,"Bathinda in Punjab. headquarter and city in Bathinda District, Punjab, India Category: Scenic & Cultural. Famous for: Scenic & Cultural tourism, regional heritage, and sightseeing in Punjab. Activities: Sightseeing, Local cuisine, Cultural exploration, Photography. Suitable for: Couples, Families, Solo travelers, Friends. Best season: October to March (Winter)"
Bulandshahr,Bulandshahr,Uttar Pradesh,Scenic & Cultural,city,"Sightseeing, Local cuisine, Cultural exploration, Photography","Scenic & Cultural tourism, regional heritage, and sightseeing in Uttar Pradesh","Couples, Families, Solo travelers, Friends",October to March (Winter),4.3,1900,3,28.4069,77.8497,Moderate,Moderate,India,"Bulandshahr in Uttar Pradesh. city Category: Scenic & Cultural. Famous for: Scenic & Cultural tourism, regional heritage, and sightseeing in Uttar Pradesh. Activities: Sightseeing, Local cuisine, Cultural exploration, Photography. Suitable for: Couples, Families, Solo travelers, Friends. Best season: October to March (Winter)"
Sambalpur,Sambalpur,Odisha,Scenic & Cultural,"city in Odisha, India","Sightseeing, Local cuisine, Cultural exploration, Photography","Scenic & Cultural tourism, regional heritage, and sightseeing in Odisha","Couples, Families, Solo travelers, Friends",October to March (Winter),4.4,1900,3,21.45,83.9667,Moderate,Moderate,India,"Sambalpur in Odisha. city in Odisha, India Category: Scenic & Cultural. Famous for: Scenic & Cultural tourism, regional heritage, and sightseeing in Odisha. Activities: Sightseeing, Local cuisine, Cultural exploration, Photography. Suitable for: Couples, Families, Solo travelers, Friends. Best season: October to March (Winter)"
Ganj Basoda,Ganj Basoda,India,Scenic & Cultural,city,"Sightseeing, Local cuisine, Cultural exploration, Photography","Scenic & Cultural tourism, regional heritage, and sightseeing in India","Couples, Families, Solo travelers, Friends",October to March (Winter),4.7,1900,3,23.85,77.93,Moderate,Moderate,India,"Ganj Basoda in India. city Category: Scenic & Cultural. Famous for: Scenic & Cultural tourism, regional heritage, and sightseeing in India. Activities: Sightseeing, Local cuisine, Cultural exploration, Photography. Suitable for: Couples, Families, Solo travelers, Friends. Best season: October to March (Winter)"
Dungarpur,Dungarpur,India,Scenic & Cultural,city,"Sightseeing, Local cuisine, Cultural exploration, Photography","Scenic & Cultural tourism, regional heritage, and sightseeing in India","Couples, Families, Solo travelers, Friends",October to March (Winter),4.4,1900,3,23.8431,73.7144,Moderate,Moderate,India,"Dungarpur in India. city Category: Scenic & Cultural. Famous for: Scenic & Cultural tourism, regional heritage, and sightseeing in India. Activities: Sightseeing, Local cuisine, Cultural exploration, Photography. Suitable for: Couples, Families, Solo travelers, Friends. Best season: October to March (Winter)"
Bari,Bari,Rajasthan,Scenic & Cultural,"city in the Dholpur district in the state of Rajasthan, India","Sightseeing, Local cuisine, Cultural exploration, Photography","Scenic & Cultural tourism, regional heritage, and sightseeing in Rajasthan","Couples, Families, Solo travelers, Friends",October to March (Winter),4.2,1900,3,26.63,77.62,Moderate,Moderate,India,"Bari in Rajasthan. city in the Dholpur district in the state of Rajasthan, India Category: Scenic & Cultural. Famous for: Scenic & Cultural tourism, regional heritage, and sightseeing in Rajasthan. Activities: Sightseeing, Local cuisine, Cultural exploration, Photography. Suitable for: Couples, Families, Solo travelers, Friends. Best season: October to March (Winter)"
Katni,Katni,India,Scenic & Cultural,city,"Sightseeing, Local cuisine, Cultural exploration, Photography","Scenic & Cultural tourism, regional heritage, and sightseeing in India","Couples, Families, Solo travelers, Friends",October to March (Winter),4.6,1900,3,23.837,80.3943,Moderate,Moderate,India,"Katni in India. city Category: Scenic & Cultural. Famous for: Scenic & Cultural tourism, regional heritage, and sightseeing in India. Activities: Sightseeing, Local cuisine, Cultural exploration, Photography. Suitable for: Couples, Families, Solo travelers, Friends. Best season: October to March (Winter)"
Thrissur,Thrissur,Kerala,Scenic & Cultural,"city in Kerala, India","Sightseeing, Local cuisine, Cultural exploration, Photography","Scenic & Cultural tourism, regional heritage, and sightseeing in Kerala","Couples, Families, Solo travelers, Friends",October to March (Winter),4.2,1900,3,10.52,76.21,Moderate,Moderate,India,"Thrissur in Kerala. city in Kerala, India Category: Scenic & Cultural. Famous for: Scenic & Cultural tourism, regional heritage, and sightseeing in Kerala. Activities: Sightseeing, Local cuisine, Cultural exploration, Photography. Suitable for: Couples, Families, Solo travelers, Friends. Best season: October to March (Winter)"
Barmer,Barmer,Rajasthan,Scenic & Cultural,"city in Rajasthan, India","Sightseeing, Local cuisine, Cultural exploration, Photography","Scenic & Cultural tourism, regional heritage, and sightseeing in Rajasthan","Couples, Families, Solo travelers, Friends",October to March (Winter),4.7,1900,3,25.7444,71.3972,Moderate,Moderate,India,"Barmer in Rajasthan. city in Rajasthan, India Category: Scenic & Cultural. Famous for: Scenic & Cultural tourism, regional heritage, and sightseeing in Rajasthan. Activities: Sightseeing, Local cuisine, Cultural exploration, Photography. Suitable for: Couples, Families, Solo travelers, Friends. Best season: October to March (Winter)"
Bina-Etawa,Bina-Etawa,Madhya Pradesh,Scenic & Cultural,"city in Madhya Pradesh, India","Sightseeing, Local cuisine, Cultural exploration, Photography","Scenic & Cultural tourism, regional heritage, and sightseeing in Madhya Pradesh","Couples, Families, Solo travelers, Friends",October to March (Winter),4.8,1900,3,24.18,78.2,Moderate,Moderate,India,"Bina-Etawa in Madhya Pradesh. city in Madhya Pradesh, India Category: Scenic & Cultural. Famous for: Scenic & Cultural tourism, regional heritage, and sightseeing in Madhya Pradesh. Activities: Sightseeing, Local cuisine, Cultural exploration, Photography. Suitable for: Couples, Families, Solo travelers, Friends. Best season: October to March (Winter)"
Rawatsar,Rawatsar,India,Scenic & Cultural,city,"Sightseeing, Local cuisine, Cultural exploration, Photography","Scenic & Cultural tourism, regional heritage, and sightseeing in India","Couples, Families, Solo travelers, Friends",October to March (Winter),4.2,1900,3,29.28,74.38,Moderate,Moderate,India,"Rawatsar in India. city Category: Scenic & Cultural. Famous for: Scenic & Cultural tourism, regional heritage, and sightseeing in India. Activities: Sightseeing, Local cuisine, Cultural exploration, Photography. Suitable for: Couples, Families, Solo travelers, Friends. Best season: October to March (Winter)"
Maihar,Maihar,Madhya Pradesh,Scenic & Cultural,"town with municipality in Satna district, Madhya Pradesh, India","Sightseeing, Local cuisine, Cultural exploration, Photography","Scenic & Cultural tourism, regional heritage, and sightseeing in Madhya Pradesh","Couples, Families, Solo travelers, Friends",October to March (Winter),4.5,1900,3,24.27,80.75,Moderate,Moderate,India,"Maihar in Madhya Pradesh. town with municipality in Satna district, Madhya Pradesh, India Category: Scenic & Cultural. Famous for: Scenic & Cultural tourism, regional heritage, and sightseeing in Madhya Pradesh. Activities: Sightseeing, Local cuisine, Cultural exploration, Photography. Suitable for: Couples, Families, Solo travelers, Friends. Best season: October to March (Winter)"
Bhawanipatna,Bhawanipatna,Odisha,Scenic & Cultural,"city in Odisha, India","Sightseeing, Local cuisine, Cultural exploration, Photography","Scenic & Cultural tourism, regional heritage, and sightseeing in Odisha","Couples, Families, Solo travelers, Friends",October to March (Winter),4.3,1900,3,19.9,83.1667,Moderate,Moderate,India,"Bhawanipatna in Odisha. city in Odisha, India Category: Scenic & Cultural. Famous for: Scenic & Cultural tourism, regional heritage, and sightseeing in Odisha. Activities: Sightseeing, Local cuisine, Cultural exploration, Photography. Suitable for: Couples, Families, Solo travelers, Friends. Best season: October to March (Winter)"
Patna,Patna,Bihar,Scenic & Cultural,"metropolis and state capital of Bihar, India","Sightseeing, Local cuisine, Cultural exploration, Photography","Scenic & Cultural tourism, regional heritage, and sightseeing in Bihar","Couples, Families, Solo travelers, Friends",October to March (Winter),4.8,1900,3,25.61,85.1414,Moderate,Moderate,India,"Patna in Bihar. metropolis and state capital of Bihar, India Category: Scenic & Cultural. Famous for: Scenic & Cultural tourism, regional heritage, and sightseeing in Bihar. Activities: Sightseeing, Local cuisine, Cultural exploration, Photography. Suitable for: Couples, Families, Solo travelers, Friends. Best season: October to March (Winter)"
Faridkot,Faridkot,Punjab,Scenic & Cultural,"headquarter and city in Faridkot district, Punjab, India","Sightseeing, Local cuisine, Cultural exploration, Photography","Scenic & Cultural tourism, regional heritage, and sightseeing in Punjab","Couples, Families, Solo travelers, Friends",October to March (Winter),4.2,1900,3,30.67,74.76,Moderate,Moderate,India,"Faridkot in Punjab. headquarter and city in Faridkot district, Punjab, India Category: Scenic & Cultural. Famous for: Scenic & Cultural tourism, regional heritage, and sightseeing in Punjab. Activities: Sightseeing, Local cuisine, Cultural exploration, Photography. Suitable for: Couples, Families, Solo travelers, Friends. Best season: October to March (Winter)"
Sivasagar,Sivasagar,India,Scenic & Cultural,city in Sivasagar district,"Sightseeing, Local cuisine, Cultural exploration, Photography","Scenic & Cultural tourism, regional heritage, and sightseeing in India","Couples, Families, Solo travelers, Friends",October to March (Winter),4.6,1900,3,26.98,94.63,Moderate,Moderate,India,"Sivasagar in India. city in Sivasagar district Category: Scenic & Cultural. Famous for: Scenic & Cultural tourism, regional heritage, and sightseeing in India. Activities: Sightseeing, Local cuisine, Cultural exploration, Photography. Suitable for: Couples, Families, Solo travelers, Friends. Best season: October to March (Winter)"
Nabha,Nabha,India,Scenic & Cultural,city and municipal council in India,"Sightseeing, Local cuisine, Cultural exploration, Photography","Scenic & Cultural tourism, regional heritage, and sightseeing in India","Couples, Families, Solo travelers, Friends",October to March (Winter),4.4,1900,3,30.37,76.15,Moderate,Moderate,India,"Nabha in India. city and municipal council in India Category: Scenic & Cultural. Famous for: Scenic & Cultural tourism, regional heritage, and sightseeing in India. Activities: Sightseeing, Local cuisine, Cultural exploration, Photography. Suitable for: Couples, Families, Solo travelers, Friends. Best season: October to March (Winter)"
Gokak,Gokak,India,Scenic & Cultural,city in India,"Sightseeing, Local cuisine, Cultural exploration, Photography","Scenic & Cultural tourism, regional heritage, and sightseeing in India","Couples, Families, Solo travelers, Friends",October to March (Winter),4.3,1900,3,16.169,74.8239,Moderate,Moderate,India,"Gokak in India. city in India Category: Scenic & Cultural. Famous for: Scenic & Cultural tourism, regional heritage, and sightseeing in India. Activities: Sightseeing, Local cuisine, Cultural exploration, Photography. Suitable for: Couples, Families, Solo travelers, Friends. Best season: October to March (Winter)"
Hanumangarh,Hanumangarh,Rajasthan,Scenic & Cultural,city,"Sightseeing, Local cuisine, Cultural exploration, Photography","Scenic & Cultural tourism, regional heritage, and sightseeing in Rajasthan","Couples, Families, Solo travelers, Friends",October to March (Winter),4.3,1900,3,29.5833,74.3167,Moderate,Moderate,India,"Hanumangarh in Rajasthan. city Category: Scenic & Cultural. Famous for: Scenic & Cultural tourism, regional heritage, and sightseeing in Rajasthan. Activities: Sightseeing, Local cuisine, Cultural exploration, Photography. Suitable for: Couples, Families, Solo travelers, Friends. Best season: October to March (Winter)"
Hindaun,Hindaun,Rajasthan,Scenic & Cultural,"city in Rajasthan, India","Sightseeing, Local cuisine, Cultural exploration, Photography","Scenic & Cultural tourism, regional heritage, and sightseeing in Rajasthan","Couples, Families, Solo travelers, Friends",October to March (Winter),4.5,1900,3,26.72,77.02,Moderate,Moderate,India,"Hindaun in Rajasthan. city in Rajasthan, India Category: Scenic & Cultural. Famous for: Scenic & Cultural tourism, regional heritage, and sightseeing in Rajasthan. Activities: Sightseeing, Local cuisine, Cultural exploration, Photography. Suitable for: Couples, Families, Solo travelers, Friends. Best season: October to March (Winter)"
Jejuri,Jejuri,Maharashtra,Scenic & Cultural,city,"Sightseeing, Local cuisine, Cultural exploration, Photography","Scenic & Cultural tourism, regional heritage, and sightseeing in Maharashtra","Couples, Families, Solo travelers, Friends",October to March (Winter),4.6,1900,3,18.2723,74.1604,Moderate,Moderate,India,"Jejuri in Maharashtra. city Category: Scenic & Cultural. Famous for: Scenic & Cultural tourism, regional heritage, and sightseeing in Maharashtra. Activities: Sightseeing, Local cuisine, Cultural exploration, Photography. Suitable for: Couples, Families, Solo travelers, Friends. Best season: October to March (Winter)"
Jhunjhunu,Jhunjhunu,Rajasthan,Scenic & Cultural,"City in Rajasthan, India","Sightseeing, Local cuisine, Cultural exploration, Photography","Scenic & Cultural tourism, regional heritage, and sightseeing in Rajasthan","Couples, Families, Solo travelers, Friends",October to March (Winter),4.3,1900,3,28.1256,75.3978,Moderate,Moderate,India,"Jhunjhunu in Rajasthan. City in Rajasthan, India Category: Scenic & Cultural. Famous for: Scenic & Cultural tourism, regional heritage, and sightseeing in Rajasthan. Activities: Sightseeing, Local cuisine, Cultural exploration, Photography. Suitable for: Couples, Families, Solo travelers, Friends. Best season: October to March (Winter)"
Eluru,Eluru,Andhra Pradesh,Scenic & Cultural,"city in Elur district, Andhra Pradesh, India","Sightseeing, Local cuisine, Cultural exploration, Photography","Scenic & Cultural tourism, regional heritage, and sightseeing in Andhra Pradesh","Couples, Families, Solo travelers, Friends",October to March (Winter),4.7,1900,3,16.7117,81.1031,Moderate,Moderate,India,"Eluru in Andhra Pradesh. city in Elur district, Andhra Pradesh, India Category: Scenic & Cultural. Famous for: Scenic & Cultural tourism, regional heritage, and sightseeing in Andhra Pradesh. Activities: Sightseeing, Local cuisine, Cultural exploration, Photography. Suitable for: Couples, Families, Solo travelers, Friends. Best season: October to March (Winter)"
Mormugao,Mormugao,Goa,Scenic & Cultural,city in India,"Sightseeing, Local cuisine, Cultural exploration, Photography","Scenic & Cultural tourism, regional heritage, and sightseeing in Goa","Couples, Families, Solo travelers, Friends",October to March (Winter),4.4,1900,3,15.402,73.8,Moderate,Moderate,India,"Mormugao in Goa. city in India Category: Scenic & Cultural. Famous for: Scenic & Cultural tourism, regional heritage, and sightseeing in Goa. Activities: Sightseeing, Local cuisine, Cultural exploration, Photography. Suitable for: Couples, Families, Solo travelers, Friends. Best season: October to March (Winter)"
Khuldabad,Khuldabad,Maharashtra,Scenic & Cultural,city,"Sightseeing, Local cuisine, Cultural exploration, Photography","Scenic & Cultural tourism, regional heritage, and sightseeing in Maharashtra","Couples, Families, Solo travelers, Friends",October to March (Winter),4.8,1900,3,20.0095,75.1888,Moderate,Moderate,India,"Khuldabad in Maharashtra. city Category: Scenic & Cultural. Famous for: Scenic & Cultural tourism, regional heritage, and sightseeing in Maharashtra. Activities: Sightseeing, Local cuisine, Cultural exploration, Photography. Suitable for: Couples, Families, Solo travelers, Friends. Best season: October to March (Winter)"
Maghar,Maghar,Uttar Pradesh,Scenic & Cultural,"human settlement in Sant Kabir Nagar district, Basti division, Uttar Pradesh, India","Sightseeing, Local cuisine, Cultural exploration, Photography","Scenic & Cultural tourism, regional heritage, and sightseeing in Uttar Pradesh","Couples, Families, Solo travelers, Friends",October to March (Winter),4.5,1900,3,26.76,83.13,Moderate,Moderate,India,"Maghar in Uttar Pradesh. human settlement in Sant Kabir Nagar district, Basti division, Uttar Pradesh, India Category: Scenic & Cultural. Famous for: Scenic & Cultural tourism, regional heritage, and sightseeing in Uttar Pradesh. Activities: Sightseeing, Local cuisine, Cultural exploration, Photography. Suitable for: Couples, Families, Solo travelers, Friends. Best season: October to March (Winter)"
Hazaribagh,Hazaribagh,India,Scenic & Cultural,city,"Sightseeing, Local cuisine, Cultural exploration, Photography","Scenic & Cultural tourism, regional heritage, and sightseeing in India","Couples, Families, Solo travelers, Friends",October to March (Winter),4.2,1900,3,23.98,85.35,Moderate,Moderate,India,"Hazaribagh in India. city Category: Scenic & Cultural. Famous for: Scenic & Cultural tourism, regional heritage, and sightseeing in India. Activities: Sightseeing, Local cuisine, Cultural exploration, Photography. Suitable for: Couples, Families, Solo travelers, Friends. Best season: October to March (Winter)"
Raigarh,Raigarh,Chhattisgarh,Scenic & Cultural,"City in Raigarh district, Chhattisgarh, India","Sightseeing, Local cuisine, Cultural exploration, Photography","Scenic & Cultural tourism, regional heritage, and sightseeing in Chhattisgarh","Couples, Families, Solo travelers, Friends",October to March (Winter),4.3,1900,3,21.9,83.4,Moderate,Moderate,India,"Raigarh in Chhattisgarh. City in Raigarh district, Chhattisgarh, India Category: Scenic & Cultural. Famous for: Scenic & Cultural tourism, regional heritage, and sightseeing in Chhattisgarh. Activities: Sightseeing, Local cuisine, Cultural exploration, Photography. Suitable for: Couples, Families, Solo travelers, Friends. Best season: October to March (Winter)"
Dibrugarh,Dibrugarh,Assam,Scenic & Cultural,city,"Sightseeing, Local cuisine, Cultural exploration, Photography","Scenic & Cultural tourism, regional heritage, and sightseeing in Assam","Couples, Families, Solo travelers, Friends",October to March (Winter),4.3,1900,3,27.4833,94.9,Moderate,Moderate,India,"Dibrugarh in Assam. city Category: Scenic & Cultural. Famous for: Scenic & Cultural tourism, regional heritage, and sightseeing in Assam. Activities: Sightseeing, Local cuisine, Cultural exploration, Photography. Suitable for: Couples, Families, Solo travelers, Friends. Best season: October to March (Winter)"
Jaunpur,Jaunpur,Uttar Pradesh,Scenic & Cultural,"city in Uttar Pradesh, India","Sightseeing, Local cuisine, Cultural exploration, Photography","Scenic & Cultural tourism, regional heritage, and sightseeing in Uttar Pradesh","Couples, Families, Solo travelers, Friends",October to March (Winter),4.5,1900,3,25.7536,82.6869,Moderate,Moderate,India,"Jaunpur in Uttar Pradesh. city in Uttar Pradesh, India Category: Scenic & Cultural. Famous for: Scenic & Cultural tourism, regional heritage, and sightseeing in Uttar Pradesh. Activities: Sightseeing, Local cuisine, Cultural exploration, Photography. Suitable for: Couples, Families, Solo travelers, Friends. Best season: October to March (Winter)"
Wardha,Wardha,Maharashtra,Scenic & Cultural,city,"Sightseeing, Local cuisine, Cultural exploration, Photography","Scenic & Cultural tourism, regional heritage, and sightseeing in Maharashtra","Couples, Families, Solo travelers, Friends",October to March (Winter),4.7,1900,3,20.75,78.6167,Moderate,Moderate,India,"Wardha in Maharashtra. city Category: Scenic & Cultural. Famous for: Scenic & Cultural tourism, regional heritage, and sightseeing in Maharashtra. Activities: Sightseeing, Local cuisine, Cultural exploration, Photography. Suitable for: Couples, Families, Solo travelers, Friends. Best season: October to March (Winter)"
Sagar,Sagar,Madhya Pradesh,Scenic & Cultural,"city in Madhya Pradesh, India","Sightseeing, Local cuisine, Cultural exploration, Photography","Scenic & Cultural tourism, regional heritage, and sightseeing in Madhya Pradesh","Couples, Families, Solo travelers, Friends",October to March (Winter),4.8,1900,3,23.8389,78.7386,Moderate,Moderate,India,"Sagar in Madhya Pradesh. city in Madhya Pradesh, India Category: Scenic & Cultural. Famous for: Scenic & Cultural tourism, regional heritage, and sightseeing in Madhya Pradesh. Activities: Sightseeing, Local cuisine, Cultural exploration, Photography. Suitable for: Couples, Families, Solo travelers, Friends. Best season: October to March (Winter)"
Sribhumi,Sribhumi,Assam,Scenic & Cultural,"city in Assam, India","Sightseeing, Local cuisine, Cultural exploration, Photography","Scenic & Cultural tourism, regional heritage, and sightseeing in Assam","Couples, Families, Solo travelers, Friends",October to March (Winter),4.5,1900,3,24.8667,92.3667,Moderate,Moderate,India,"Sribhumi in Assam. city in Assam, India Category: Scenic & Cultural. Famous for: Scenic & Cultural tourism, regional heritage, and sightseeing in Assam. Activities: Sightseeing, Local cuisine, Cultural exploration, Photography. Suitable for: Couples, Families, Solo travelers, Friends. Best season: October to March (Winter)"
Tezpur,Tezpur,Assam,Scenic & Cultural,"city in Sonitpur district, Assam, India","Sightseeing, Local cuisine, Cultural exploration, Photography","Scenic & Cultural tourism, regional heritage, and sightseeing in Assam","Couples, Families, Solo travelers, Friends",October to March (Winter),4.5,1900,3,26.62,92.79,Moderate,Moderate,India,"Tezpur in Assam. city in Sonitpur district, Assam, India Category: Scenic & Cultural. Famous for: Scenic & Cultural tourism, regional heritage, and sightseeing in Assam. Activities: Sightseeing, Local cuisine, Cultural exploration, Photography. Suitable for: Couples, Families, Solo travelers, Friends. Best season: October to March (Winter)"
Jind,Jind,Haryana,Scenic & Cultural,city in Jind District in the Indian state of Haryana,"Sightseeing, Local cuisine, Cultural exploration, Photography","Scenic & Cultural tourism, regional heritage, and sightseeing in Haryana","Couples, Families, Solo travelers, Friends",October to March (Winter),4.5,1900,3,29.3161,76.3142,Moderate,Moderate,India,"Jind in Haryana. city in Jind District in the Indian state of Haryana Category: Scenic & Cultural. Famous for: Scenic & Cultural tourism, regional heritage, and sightseeing in Haryana. Activities: Sightseeing, Local cuisine, Cultural exploration, Photography. Suitable for: Couples, Families, Solo travelers, Friends. Best season: October to March (Winter)"
Ghazipur,Ghazipur,Uttar Pradesh,Scenic & Cultural,city,"Sightseeing, Local cuisine, Cultural exploration, Photography","Scenic & Cultural tourism, regional heritage, and sightseeing in Uttar Pradesh","Couples, Families, Solo travelers, Friends",October to March (Winter),4.5,1900,3,25.5833,83.5667,Moderate,Moderate,India,"Ghazipur in Uttar Pradesh. city Category: Scenic & Cultural. Famous for: Scenic & Cultural tourism, regional heritage, and sightseeing in Uttar Pradesh. Activities: Sightseeing, Local cuisine, Cultural exploration, Photography. Suitable for: Couples, Families, Solo travelers, Friends. Best season: October to March (Winter)"
Deoghar,Deoghar,Jharkhand,Scenic & Cultural,"Headquarters of Deoghar district, Santhal Parganas, Jharkhand, India","Sightseeing, Local cuisine, Cultural exploration, Photography","Scenic & Cultural tourism, regional heritage, and sightseeing in Jharkhand","Couples, Families, Solo travelers, Friends",October to March (Winter),4.5,1900,3,24.48,86.7,Moderate,Moderate,India,"Deoghar in Jharkhand. Headquarters of Deoghar district, Santhal Parganas, Jharkhand, India Category: Scenic & Cultural. Famous for: Scenic & Cultural tourism, regional heritage, and sightseeing in Jharkhand. Activities: Sightseeing, Local cuisine, Cultural exploration, Photography. Suitable for: Couples, Families, Solo travelers, Friends. Best season: October to March (Winter)"
Puttur,Puttur,Karnataka,Scenic & Cultural,"city in Karnataka, India","Sightseeing, Local cuisine, Cultural exploration, Photography","Scenic & Cultural tourism, regional heritage, and sightseeing in Karnataka","Couples, Families, Solo travelers, Friends",October to March (Winter),4.3,1900,3,12.77,75.22,Moderate,Moderate,India,"Puttur in Karnataka. city in Karnataka, India Category: Scenic & Cultural. Famous for: Scenic & Cultural tourism, regional heritage, and sightseeing in Karnataka. Activities: Sightseeing, Local cuisine, Cultural exploration, Photography. Suitable for: Couples, Families, Solo travelers, Friends. Best season: October to March (Winter)"
Darbhanga,Darbhanga,Bihar,Scenic & Cultural,city,"Sightseeing, Local cuisine, Cultural exploration, Photography","Scenic & Cultural tourism, regional heritage, and sightseeing in Bihar","Couples, Families, Solo travelers, Friends",October to March (Winter),4.3,1900,3,26.157,85.8995,Moderate,Moderate,India,"Darbhanga in Bihar. city Category: Scenic & Cultural. Famous for: Scenic & Cultural tourism, regional heritage, and sightseeing in Bihar. Activities: Sightseeing, Local cuisine, Cultural exploration, Photography. Suitable for: Couples, Families, Solo travelers, Friends. Best season: October to March (Winter)"
Hardoi,Hardoi,Uttar Pradesh,Scenic & Cultural,city,"Sightseeing, Local cuisine, Cultural exploration, Photography","Scenic & Cultural tourism, regional heritage, and sightseeing in Uttar Pradesh","Couples, Families, Solo travelers, Friends",October to March (Winter),4.6,1900,3,27.3947,80.1283,Moderate,Moderate,India,"Hardoi in Uttar Pradesh. city Category: Scenic & Cultural. Famous for: Scenic & Cultural tourism, regional heritage, and sightseeing in Uttar Pradesh. Activities: Sightseeing, Local cuisine, Cultural exploration, Photography. Suitable for: Couples, Families, Solo travelers, Friends. Best season: October to March (Winter)"
Datia,Datia,Madhya Pradesh,Scenic & Cultural,"city in Madhya Pradesh, India","Sightseeing, Local cuisine, Cultural exploration, Photography","Scenic & Cultural tourism, regional heritage, and sightseeing in Madhya Pradesh","Couples, Families, Solo travelers, Friends",October to March (Winter),4.8,1900,3,25.67,78.47,Moderate,Moderate,India,"Datia in Madhya Pradesh. city in Madhya Pradesh, India Category: Scenic & Cultural. Famous for: Scenic & Cultural tourism, regional heritage, and sightseeing in Madhya Pradesh. Activities: Sightseeing, Local cuisine, Cultural exploration, Photography. Suitable for: Couples, Families, Solo travelers, Friends. Best season: October to March (Winter)"
Muzaffarpur,Muzaffarpur,Bihar,Scenic & Cultural,"city in Bihar state, India","Sightseeing, Local cuisine, Cultural exploration, Photography","Scenic & Cultural tourism, regional heritage, and sightseeing in Bihar","Couples, Families, Solo travelers, Friends",October to March (Winter),4.5,1900,3,26.12,85.3833,Moderate,Moderate,India,"Muzaffarpur in Bihar. city in Bihar state, India Category: Scenic & Cultural. Famous for: Scenic & Cultural tourism, regional heritage, and sightseeing in Bihar. Activities: Sightseeing, Local cuisine, Cultural exploration, Photography. Suitable for: Couples, Families, Solo travelers, Friends. Best season: October to March (Winter)"
Firozabad,Firozabad,Uttar Pradesh,Scenic & Cultural,"city in Firozabad district, Uttar Pradesh, India","Sightseeing, Local cuisine, Cultural exploration, Photography","Scenic & Cultural tourism, regional heritage, and sightseeing in Uttar Pradesh","Couples, Families, Solo travelers, Friends",October to March (Winter),4.5,1900,3,27.15,78.42,Moderate,Moderate,India,"Firozabad in Uttar Pradesh. city in Firozabad district, Uttar Pradesh, India Category: Scenic & Cultural. Famous for: Scenic & Cultural tourism, regional heritage, and sightseeing in Uttar Pradesh. Activities: Sightseeing, Local cuisine, Cultural exploration, Photography. Suitable for: Couples, Families, Solo travelers, Friends. Best season: October to March (Winter)"
Purnia,Purnia,Bihar,Scenic & Cultural,human settlement in India,"Sightseeing, Local cuisine, Cultural exploration, Photography","Scenic & Cultural tourism, regional heritage, and sightseeing in Bihar","Couples, Families, Solo travelers, Friends",October to March (Winter),4.4,1900,3,25.78,87.47,Moderate,Moderate,India,"Purnia in Bihar. human settlement in India Category: Scenic & Cultural. Famous for: Scenic & Cultural tourism, regional heritage, and sightseeing in Bihar. Activities: Sightseeing, Local cuisine, Cultural exploration, Photography. Suitable for: Couples, Families, Solo travelers, Friends. Best season: October to March (Winter)"
Ramnagar,Ramnagar,Uttar Pradesh,Scenic & Cultural,"city in Varanasi district, Varanasi division, Uttar Pradesh, India","Sightseeing, Local cuisine, Cultural exploration, Photography","Scenic & Cultural tourism, regional heritage, and sightseeing in Uttar Pradesh","Couples, Families, Solo travelers, Friends",October to March (Winter),4.6,1900,3,25.2692,83.0297,Moderate,Moderate,India,"Ramnagar in Uttar Pradesh. city in Varanasi district, Varanasi division, Uttar Pradesh, India Category: Scenic & Cultural. Famous for: Scenic & Cultural tourism, regional heritage, and sightseeing in Uttar Pradesh. Activities: Sightseeing, Local cuisine, Cultural exploration, Photography. Suitable for: Couples, Families, Solo travelers, Friends. Best season: October to March (Winter)"
Chiplun,Chiplun,India,Scenic & Cultural,city,"Sightseeing, Local cuisine, Cultural exploration, Photography","Scenic & Cultural tourism, regional heritage, and sightseeing in India","Couples, Families, Solo travelers, Friends",October to March (Winter),4.5,1900,3,17.53,73.52,Moderate,Moderate,India,"Chiplun in India. city Category: Scenic & Cultural. Famous for: Scenic & Cultural tourism, regional heritage, and sightseeing in India. Activities: Sightseeing, Local cuisine, Cultural exploration, Photography. Suitable for: Couples, Families, Solo travelers, Friends. Best season: October to March (Winter)"
Haldwani,Haldwani,Uttarakhand,Scenic & Cultural,"city and municipal corporation in Nainital district, Uttarakhand, India","Sightseeing, Local cuisine, Cultural exploration, Photography","Scenic & Cultural tourism, regional heritage, and sightseeing in Uttarakhand","Couples, Families, Solo travelers, Friends",October to March (Winter),4.6,1900,3,29.2145,79.5279,Moderate,Moderate,India,"Haldwani in Uttarakhand. city and municipal corporation in Nainital district, Uttarakhand, India Category: Scenic & Cultural. Famous for: Scenic & Cultural tourism, regional heritage, and sightseeing in Uttarakhand. Activities: Sightseeing, Local cuisine, Cultural exploration, Photography. Suitable for: Couples, Families, Solo travelers, Friends. Best season: October to March (Winter)"
Mira-Bhayandar,Mira-Bhayandar,India,Scenic & Cultural,city in India,"Sightseeing, Local cuisine, Cultural exploration, Photography","Scenic & Cultural tourism, regional heritage, and sightseeing in India","Couples, Families, Solo travelers, Friends",October to March (Winter),4.5,1900,3,19.3,72.85,Moderate,Moderate,India,"Mira-Bhayandar in India. city in India Category: Scenic & Cultural. Famous for: Scenic & Cultural tourism, regional heritage, and sightseeing in India. Activities: Sightseeing, Local cuisine, Cultural exploration, Photography. Suitable for: Couples, Families, Solo travelers, Friends. Best season: October to March (Winter)"
Ongole,Ongole,Andhra Pradesh,Scenic & Cultural,"city in Prakasam district, Andhra Pradesh, India","Sightseeing, Local cuisine, Cultural exploration, Photography","Scenic & Cultural tourism, regional heritage, and sightseeing in Andhra Pradesh","Couples, Families, Solo travelers, Friends",October to March (Winter),4.3,1900,3,15.5,80.05,Moderate,Moderate,India,"Ongole in Andhra Pradesh. city in Prakasam district, Andhra Pradesh, India Category: Scenic & Cultural. Famous for: Scenic & Cultural tourism, regional heritage, and sightseeing in Andhra Pradesh. Activities: Sightseeing, Local cuisine, Cultural exploration, Photography. Suitable for: Couples, Families, Solo travelers, Friends. Best season: October to March (Winter)"
Gohad,Gohad,India,Scenic & Cultural,human settlement,"Sightseeing, Local cuisine, Cultural exploration, Photography","Scenic & Cultural tourism, regional heritage, and sightseeing in India","Couples, Families, Solo travelers, Friends",October to March (Winter),4.4,1900,3,26.43,78.44,Moderate,Moderate,India,"Gohad in India. human settlement Category: Scenic & Cultural. Famous for: Scenic & Cultural tourism, regional heritage, and sightseeing in India. Activities: Sightseeing, Local cuisine, Cultural exploration, Photography. Suitable for: Couples, Families, Solo travelers, Friends. Best season: October to March (Winter)"
Pathankot,Pathankot,Punjab,Scenic & Cultural,"city in Punjab, India","Sightseeing, Local cuisine, Cultural exploration, Photography","Scenic & Cultural tourism, regional heritage, and sightseeing in Punjab","Couples, Families, Solo travelers, Friends",October to March (Winter),4.6,1900,3,32.2689,75.6497,Moderate,Moderate,India,"Pathankot in Punjab. city in Punjab, India Category: Scenic & Cultural. Famous for: Scenic & Cultural tourism, regional heritage, and sightseeing in Punjab. Activities: Sightseeing, Local cuisine, Cultural exploration, Photography. Suitable for: Couples, Families, Solo travelers, Friends. Best season: October to March (Winter)"
Yamunanagar,Yamunanagar,Haryana,Scenic & Cultural,"city of Hariyana, India","Sightseeing, Local cuisine, Cultural exploration, Photography","Scenic & Cultural tourism, regional heritage, and sightseeing in Haryana","Couples, Families, Solo travelers, Friends",October to March (Winter),4.7,1900,3,30.1289,77.2803,Moderate,Moderate,India,"Yamunanagar in Haryana. city of Hariyana, India Category: Scenic & Cultural. Famous for: Scenic & Cultural tourism, regional heritage, and sightseeing in Haryana. Activities: Sightseeing, Local cuisine, Cultural exploration, Photography. Suitable for: Couples, Families, Solo travelers, Friends. Best season: October to March (Winter)"
Anand,Anand,Gujarat,Scenic & Cultural,"city in Gujarat state, India","Sightseeing, Local cuisine, Cultural exploration, Photography","Scenic & Cultural tourism, regional heritage, and sightseeing in Gujarat","Couples, Families, Solo travelers, Friends",October to March (Winter),4.2,1900,3,22.556,72.951,Moderate,Moderate,India,"Anand in Gujarat. city in Gujarat state, India Category: Scenic & Cultural. Famous for: Scenic & Cultural tourism, regional heritage, and sightseeing in Gujarat. Activities: Sightseeing, Local cuisine, Cultural exploration, Photography. Suitable for: Couples, Families, Solo travelers, Friends. Best season: October to March (Winter)"
Doddaballapura,Doddaballapura,Karnataka,Scenic & Cultural,city,"Sightseeing, Local cuisine, Cultural exploration, Photography","Scenic & Cultural tourism, regional heritage, and sightseeing in Karnataka","Couples, Families, Solo travelers, Friends",October to March (Winter),4.5,1900,3,13.292,77.543,Moderate,Moderate,India,"Doddaballapura in Karnataka. city Category: Scenic & Cultural. Famous for: Scenic & Cultural tourism, regional heritage, and sightseeing in Karnataka. Activities: Sightseeing, Local cuisine, Cultural exploration, Photography. Suitable for: Couples, Families, Solo travelers, Friends. Best season: October to March (Winter)"
Dewas,Dewas,Madhya Pradesh,Scenic & Cultural,city in India,"Sightseeing, Local cuisine, Cultural exploration, Photography","Scenic & Cultural tourism, regional heritage, and sightseeing in Madhya Pradesh","Couples, Families, Solo travelers, Friends",October to March (Winter),4.6,1900,3,22.9667,76.0667,Moderate,Moderate,India,"Dewas in Madhya Pradesh. city in India Category: Scenic & Cultural. Famous for: Scenic & Cultural tourism, regional heritage, and sightseeing in Madhya Pradesh. Activities: Sightseeing, Local cuisine, Cultural exploration, Photography. Suitable for: Couples, Families, Solo travelers, Friends. Best season: October to March (Winter)"
Motihari,Motihari,Bihar,Scenic & Cultural,"city in Bihar, India","Sightseeing, Local cuisine, Cultural exploration, Photography","Scenic & Cultural tourism, regional heritage, and sightseeing in Bihar","Couples, Families, Solo travelers, Friends",October to March (Winter),4.4,1900,3,26.65,84.9167,Moderate,Moderate,India,"Motihari in Bihar. city in Bihar, India Category: Scenic & Cultural. Famous for: Scenic & Cultural tourism, regional heritage, and sightseeing in Bihar. Activities: Sightseeing, Local cuisine, Cultural exploration, Photography. Suitable for: Couples, Families, Solo travelers, Friends. Best season: October to March (Winter)"
Doraha,Doraha,Punjab,Scenic & Cultural,"City in Punjab, India","Sightseeing, Local cuisine, Cultural exploration, Photography","Scenic & Cultural tourism, regional heritage, and sightseeing in Punjab","Couples, Families, Solo travelers, Friends",October to March (Winter),4.7,1900,3,30.8167,76.0167,Moderate,Moderate,India,"Doraha in Punjab. City in Punjab, India Category: Scenic & Cultural. Famous for: Scenic & Cultural tourism, regional heritage, and sightseeing in Punjab. Activities: Sightseeing, Local cuisine, Cultural exploration, Photography. Suitable for: Couples, Families, Solo travelers, Friends. Best season: October to March (Winter)"
Vidisha,Vidisha,Madhya Pradesh,Scenic & Cultural,city,"Sightseeing, Local cuisine, Cultural exploration, Photography","Scenic & Cultural tourism, regional heritage, and sightseeing in Madhya Pradesh","Couples, Families, Solo travelers, Friends",October to March (Winter),4.2,1900,3,23.5239,77.8061,Moderate,Moderate,India,"Vidisha in Madhya Pradesh. city Category: Scenic & Cultural. Famous for: Scenic & Cultural tourism, regional heritage, and sightseeing in Madhya Pradesh. Activities: Sightseeing, Local cuisine, Cultural exploration, Photography. Suitable for: Couples, Families, Solo travelers, Friends. Best season: October to March (Winter)"
Gurdaspur,Gurdaspur,Punjab,Scenic & Cultural,city in Indian state of Punjab,"Sightseeing, Local cuisine, Cultural exploration, Photography","Scenic & Cultural tourism, regional heritage, and sightseeing in Punjab","Couples, Families, Solo travelers, Friends",October to March (Winter),4.8,1900,3,32.0333,75.4,Moderate,Moderate,India,"Gurdaspur in Punjab. city in Indian state of Punjab Category: Scenic & Cultural. Famous for: Scenic & Cultural tourism, regional heritage, and sightseeing in Punjab. Activities: Sightseeing, Local cuisine, Cultural exploration, Photography. Suitable for: Couples, Families, Solo travelers, Friends. Best season: October to March (Winter)"
Jaora,Jaora,India,Scenic & Cultural,city,"Sightseeing, Local cuisine, Cultural exploration, Photography","Scenic & Cultural tourism, regional heritage, and sightseeing in India","Couples, Families, Solo travelers, Friends",October to March (Winter),4.8,1900,3,23.63,75.13,Moderate,Moderate,India,"Jaora in India. city Category: Scenic & Cultural. Famous for: Scenic & Cultural tourism, regional heritage, and sightseeing in India. Activities: Sightseeing, Local cuisine, Cultural exploration, Photography. Suitable for: Couples, Families, Solo travelers, Friends. Best season: October to March (Winter)"
Dholpur,Dholpur,Rajasthan,Scenic & Cultural,"city in Dholpur district, Rajasthan, India","Sightseeing, Local cuisine, Cultural exploration, Photography","Scenic & Cultural tourism, regional heritage, and sightseeing in Rajasthan","Couples, Families, Solo travelers, Friends",October to March (Winter),4.4,1900,3,26.7,77.9,Moderate,Moderate,India,"Dholpur in Rajasthan. city in Dholpur district, Rajasthan, India Category: Scenic & Cultural. Famous for: Scenic & Cultural tourism, regional heritage, and sightseeing in Rajasthan. Activities: Sightseeing, Local cuisine, Cultural exploration, Photography. Suitable for: Couples, Families, Solo travelers, Friends. Best season: October to March (Winter)"
Karaikudi,Karaikudi,Tamil Nadu,Scenic & Cultural,"city in Sivaganga District, Tamil Nadu, India","Sightseeing, Local cuisine, Cultural exploration, Photography","Scenic & Cultural tourism, regional heritage, and sightseeing in Tamil Nadu","Couples, Families, Solo travelers, Friends",October to March (Winter),4.2,1900,3,10.0667,78.7833,Moderate,Moderate,India,"Karaikudi in Tamil Nadu. city in Sivaganga District, Tamil Nadu, India Category: Scenic & Cultural. Famous for: Scenic & Cultural tourism, regional heritage, and sightseeing in Tamil Nadu. Activities: Sightseeing, Local cuisine, Cultural exploration, Photography. Suitable for: Couples, Families, Solo travelers, Friends. Best season: October to March (Winter)"
Chümoukedima,Chümoukedima,Nagaland,Scenic & Cultural,"city in Nagaland, India","Sightseeing, Local cuisine, Cultural exploration, Photography","Scenic & Cultural tourism, regional heritage, and sightseeing in Nagaland","Couples, Families, Solo travelers, Friends",October to March (Winter),4.8,1900,3,25.7916,93.7818,Moderate,Moderate,India,"Chümoukedima in Nagaland. city in Nagaland, India Category: Scenic & Cultural. Famous for: Scenic & Cultural tourism, regional heritage, and sightseeing in Nagaland. Activities: Sightseeing, Local cuisine, Cultural exploration, Photography. Suitable for: Couples, Families, Solo travelers, Friends. Best season: October to March (Winter)"
Kashipur,Kashipur,Uttarakhand,Scenic & Cultural,city,"Sightseeing, Local cuisine, Cultural exploration, Photography","Scenic & Cultural tourism, regional heritage, and sightseeing in Uttarakhand","Couples, Families, Solo travelers, Friends",October to March (Winter),4.4,1900,3,29.2136,78.9558,Moderate,Moderate,India,"Kashipur in Uttarakhand. city Category: Scenic & Cultural. Famous for: Scenic & Cultural tourism, regional heritage, and sightseeing in Uttarakhand. Activities: Sightseeing, Local cuisine, Cultural exploration, Photography. Suitable for: Couples, Families, Solo travelers, Friends. Best season: October to March (Winter)"
Hisar,Hisar,Haryana,Scenic & Cultural,"city in Haryana, India","Sightseeing, Local cuisine, Cultural exploration, Photography","Scenic & Cultural tourism, regional heritage, and sightseeing in Haryana","Couples, Families, Solo travelers, Friends",October to March (Winter),4.2,1900,3,29.1489,75.7367,Moderate,Moderate,India,"Hisar in Haryana. city in Haryana, India Category: Scenic & Cultural. Famous for: Scenic & Cultural tourism, regional heritage, and sightseeing in Haryana. Activities: Sightseeing, Local cuisine, Cultural exploration, Photography. Suitable for: Couples, Families, Solo travelers, Friends. Best season: October to March (Winter)"
Rajahmundry,Rajahmundry,Andhra Pradesh,Scenic & Cultural,"city in East Godavari district, Andhra Pradesh, India","Sightseeing, Local cuisine, Cultural exploration, Photography","Scenic & Cultural tourism, regional heritage, and sightseeing in Andhra Pradesh","Couples, Families, Solo travelers, Friends",October to March (Winter),4.6,1900,3,16.9833,81.7833,Moderate,Moderate,India,"Rajahmundry in Andhra Pradesh. city in East Godavari district, Andhra Pradesh, India Category: Scenic & Cultural. Famous for: Scenic & Cultural tourism, regional heritage, and sightseeing in Andhra Pradesh. Activities: Sightseeing, Local cuisine, Cultural exploration, Photography. Suitable for: Couples, Families, Solo travelers, Friends. Best season: October to March (Winter)"
Baran,Baran,Rajasthan,Scenic & Cultural,city in Baran district of the Indian state of Rajasthan,"Sightseeing, Local cuisine, Cultural exploration, Photography","Scenic & Cultural tourism, regional heritage, and sightseeing in Rajasthan","Couples, Families, Solo travelers, Friends",October to March (Winter),4.5,1900,3,25.1,76.5167,Moderate,Moderate,India,"Baran in Rajasthan. city in Baran district of the Indian state of Rajasthan Category: Scenic & Cultural. Famous for: Scenic & Cultural tourism, regional heritage, and sightseeing in Rajasthan. Activities: Sightseeing, Local cuisine, Cultural exploration, Photography. Suitable for: Couples, Families, Solo travelers, Friends. Best season: October to March (Winter)"
Hathras,Hathras,Uttar Pradesh,Scenic & Cultural,city in India,"Sightseeing, Local cuisine, Cultural exploration, Photography","Scenic & Cultural tourism, regional heritage, and sightseeing in Uttar Pradesh","Couples, Families, Solo travelers, Friends",October to March (Winter),4.5,1900,3,27.36,78.03,Moderate,Moderate,India,"Hathras in Uttar Pradesh. city in India Category: Scenic & Cultural. Famous for: Scenic & Cultural tourism, regional heritage, and sightseeing in Uttar Pradesh. Activities: Sightseeing, Local cuisine, Cultural exploration, Photography. Suitable for: Couples, Families, Solo travelers, Friends. Best season: October to March (Winter)"
Gumla,Gumla,India,Scenic & Cultural,city,"Sightseeing, Local cuisine, Cultural exploration, Photography","Scenic & Cultural tourism, regional heritage, and sightseeing in India","Couples, Families, Solo travelers, Friends",October to March (Winter),4.4,1900,3,23.0444,84.5417,Moderate,Moderate,India,"Gumla in India. city Category: Scenic & Cultural. Famous for: Scenic & Cultural tourism, regional heritage, and sightseeing in India. Activities: Sightseeing, Local cuisine, Cultural exploration, Photography. Suitable for: Couples, Families, Solo travelers, Friends. Best season: October to March (Winter)"
Dumka,Dumka,Jharkhand,Scenic & Cultural,Sub Capital of Jharkhand,"Sightseeing, Local cuisine, Cultural exploration, Photography","Scenic & Cultural tourism, regional heritage, and sightseeing in Jharkhand","Couples, Families, Solo travelers, Friends",October to March (Winter),4.5,1900,3,24.27,87.25,Moderate,Moderate,India,"Dumka in Jharkhand. Sub Capital of Jharkhand Category: Scenic & Cultural. Famous for: Scenic & Cultural tourism, regional heritage, and sightseeing in Jharkhand. Activities: Sightseeing, Local cuisine, Cultural exploration, Photography. Suitable for: Couples, Families, Solo travelers, Friends. Best season: October to March (Winter)"
Khandwa,Khandwa,Madhya Pradesh,Scenic & Cultural,"city in Madhya Pradesh, India","Sightseeing, Local cuisine, Cultural exploration, Photography","Scenic & Cultural tourism, regional heritage, and sightseeing in Madhya Pradesh","Couples, Families, Solo travelers, Friends",October to March (Winter),4.5,1900,3,21.83,76.33,Moderate,Moderate,India,"Khandwa in Madhya Pradesh. city in Madhya Pradesh, India Category: Scenic & Cultural. Famous for: Scenic & Cultural tourism, regional heritage, and sightseeing in Madhya Pradesh. Activities: Sightseeing, Local cuisine, Cultural exploration, Photography. Suitable for: Couples, Families, Solo travelers, Friends. Best season: October to March (Winter)"
Rampur,Rampur,Uttar Pradesh,Scenic & Cultural,"city in Uttar Pradesh, India","Sightseeing, Local cuisine, Cultural exploration, Photography","Scenic & Cultural tourism, regional heritage, and sightseeing in Uttar Pradesh","Couples, Families, Solo travelers, Friends",October to March (Winter),4.2,1900,3,28.788,79.019,Moderate,Moderate,India,"Rampur in Uttar Pradesh. city in Uttar Pradesh, India Category: Scenic & Cultural. Famous for: Scenic & Cultural tourism, regional heritage, and sightseeing in Uttar Pradesh. Activities: Sightseeing, Local cuisine, Cultural exploration, Photography. Suitable for: Couples, Families, Solo travelers, Friends. Best season: October to March (Winter)"
Dibiyapur,Dibiyapur,India,Scenic & Cultural,city,"Sightseeing, Local cuisine, Cultural exploration, Photography","Scenic & Cultural tourism, regional heritage, and sightseeing in India","Couples, Families, Solo travelers, Friends",October to March (Winter),4.4,1900,3,26.6358,79.5567,Moderate,Moderate,India,"Dibiyapur in India. city Category: Scenic & Cultural. Famous for: Scenic & Cultural tourism, regional heritage, and sightseeing in India. Activities: Sightseeing, Local cuisine, Cultural exploration, Photography. Suitable for: Couples, Families, Solo travelers, Friends. Best season: October to March (Winter)"
Pilibhit,Pilibhit,Uttar Pradesh,Scenic & Cultural,city,"Sightseeing, Local cuisine, Cultural exploration, Photography","Scenic & Cultural tourism, regional heritage, and sightseeing in Uttar Pradesh","Couples, Families, Solo travelers, Friends",October to March (Winter),4.7,1900,3,28.6333,79.7667,Moderate,Moderate,India,"Pilibhit in Uttar Pradesh. city Category: Scenic & Cultural. Famous for: Scenic & Cultural tourism, regional heritage, and sightseeing in Uttar Pradesh. Activities: Sightseeing, Local cuisine, Cultural exploration, Photography. Suitable for: Couples, Families, Solo travelers, Friends. Best season: October to March (Winter)"
Mahoba,Mahoba,India,Scenic & Cultural,city,"Sightseeing, Local cuisine, Cultural exploration, Photography","Scenic & Cultural tourism, regional heritage, and sightseeing in India","Couples, Families, Solo travelers, Friends",October to March (Winter),4.6,1900,3,25.28,79.8729,Moderate,Moderate,India,"Mahoba in India. city Category: Scenic & Cultural. Famous for: Scenic & Cultural tourism, regional heritage, and sightseeing in India. Activities: Sightseeing, Local cuisine, Cultural exploration, Photography. Suitable for: Couples, Families, Solo travelers, Friends. Best season: October to March (Winter)"
Malerkotla,Malerkotla,Punjab,Scenic & Cultural,"city in Punjab, India","Sightseeing, Local cuisine, Cultural exploration, Photography","Scenic & Cultural tourism, regional heritage, and sightseeing in Punjab","Couples, Families, Solo travelers, Friends",October to March (Winter),4.4,1900,3,30.5167,75.8833,Moderate,Moderate,India,"Malerkotla in Punjab. city in Punjab, India Category: Scenic & Cultural. Famous for: Scenic & Cultural tourism, regional heritage, and sightseeing in Punjab. Activities: Sightseeing, Local cuisine, Cultural exploration, Photography. Suitable for: Couples, Families, Solo travelers, Friends. Best season: October to March (Winter)"
Lalitpur,Lalitpur,Uttar Pradesh,Scenic & Cultural,city in India,"Sightseeing, Local cuisine, Cultural exploration, Photography","Scenic & Cultural tourism, regional heritage, and sightseeing in Uttar Pradesh","Couples, Families, Solo travelers, Friends",October to March (Winter),4.8,1900,3,24.6903,78.4189,Moderate,Moderate,India,"Lalitpur in Uttar Pradesh. city in India Category: Scenic & Cultural. Famous for: Scenic & Cultural tourism, regional heritage, and sightseeing in Uttar Pradesh. Activities: Sightseeing, Local cuisine, Cultural exploration, Photography. Suitable for: Couples, Families, Solo travelers, Friends. Best season: October to March (Winter)"
Etah,Etah,Uttar Pradesh,Scenic & Cultural,"city in Etah district, Aligarh division, Uttar Pradesh, India","Sightseeing, Local cuisine, Cultural exploration, Photography","Scenic & Cultural tourism, regional heritage, and sightseeing in Uttar Pradesh","Couples, Families, Solo travelers, Friends",October to March (Winter),4.7,1900,3,27.63,78.67,Moderate,Moderate,India,"Etah in Uttar Pradesh. city in Etah district, Aligarh division, Uttar Pradesh, India Category: Scenic & Cultural. Famous for: Scenic & Cultural tourism, regional heritage, and sightseeing in Uttar Pradesh. Activities: Sightseeing, Local cuisine, Cultural exploration, Photography. Suitable for: Couples, Families, Solo travelers, Friends. Best season: October to March (Winter)"
Khambhat,Khambhat,Gujarat,Scenic & Cultural,"city in Gujarat, India","Sightseeing, Local cuisine, Cultural exploration, Photography","Scenic & Cultural tourism, regional heritage, and sightseeing in Gujarat","Couples, Families, Solo travelers, Friends",October to March (Winter),4.3,1900,3,22.3131,72.6194,Moderate,Moderate,India,"Khambhat in Gujarat. city in Gujarat, India Category: Scenic & Cultural. Famous for: Scenic & Cultural tourism, regional heritage, and sightseeing in Gujarat. Activities: Sightseeing, Local cuisine, Cultural exploration, Photography. Suitable for: Couples, Families, Solo travelers, Friends. Best season: October to March (Winter)"
Chunar,Chunar,Uttar Pradesh,Scenic & Cultural,"City of Uttar Pradesh, India","Sightseeing, Local cuisine, Cultural exploration, Photography","Scenic & Cultural tourism, regional heritage, and sightseeing in Uttar Pradesh","Couples, Families, Solo travelers, Friends",October to March (Winter),4.2,1900,3,25.13,82.9,Moderate,Moderate,India,"Chunar in Uttar Pradesh. City of Uttar Pradesh, India Category: Scenic & Cultural. Famous for: Scenic & Cultural tourism, regional heritage, and sightseeing in Uttar Pradesh. Activities: Sightseeing, Local cuisine, Cultural exploration, Photography. Suitable for: Couples, Families, Solo travelers, Friends. Best season: October to March (Winter)"
Palakkad,Palakkad,Kerala,Scenic & Cultural,city in Kerala,"Sightseeing, Local cuisine, Cultural exploration, Photography","Scenic & Cultural tourism, regional heritage, and sightseeing in Kerala","Couples, Families, Solo travelers, Friends",October to March (Winter),4.3,1900,3,10.7792,76.6547,Moderate,Moderate,India,"Palakkad in Kerala. city in Kerala Category: Scenic & Cultural. Famous for: Scenic & Cultural tourism, regional heritage, and sightseeing in Kerala. Activities: Sightseeing, Local cuisine, Cultural exploration, Photography. Suitable for: Couples, Families, Solo travelers, Friends. Best season: October to March (Winter)"
Tirupati,Tirupati,Andhra Pradesh,Scenic & Cultural,"city in Tirupati district, Andhra Pradesh, India","Sightseeing, Local cuisine, Cultural exploration, Photography","Scenic & Cultural tourism, regional heritage, and sightseeing in Andhra Pradesh","Couples, Families, Solo travelers, Friends",October to March (Winter),4.3,1900,3,13.65,79.42,Moderate,Moderate,India,"Tirupati in Andhra Pradesh. city in Tirupati district, Andhra Pradesh, India Category: Scenic & Cultural. Famous for: Scenic & Cultural tourism, regional heritage, and sightseeing in Andhra Pradesh. Activities: Sightseeing, Local cuisine, Cultural exploration, Photography. Suitable for: Couples, Families, Solo travelers, Friends. Best season: October to March (Winter)"
Shahabad,Shahabad,Uttar Pradesh,Scenic & Cultural,"city in Hardoi district, Uttar Pradesh, India","Sightseeing, Local cuisine, Cultural exploration, Photography","Scenic & Cultural tourism, regional heritage, and sightseeing in Uttar Pradesh","Couples, Families, Solo travelers, Friends",October to March (Winter),4.7,1900,3,27.6431,79.9402,Moderate,Moderate,India,"Shahabad in Uttar Pradesh. city in Hardoi district, Uttar Pradesh, India Category: Scenic & Cultural. Famous for: Scenic & Cultural tourism, regional heritage, and sightseeing in Uttar Pradesh. Activities: Sightseeing, Local cuisine, Cultural exploration, Photography. Suitable for: Couples, Families, Solo travelers, Friends. Best season: October to March (Winter)"
Rohtak,Rohtak,Haryana,Scenic & Cultural,city in Haryana,"Sightseeing, Local cuisine, Cultural exploration, Photography","Scenic & Cultural tourism, regional heritage, and sightseeing in Haryana","Couples, Families, Solo travelers, Friends",October to March (Winter),4.6,1900,3,28.9,76.5667,Moderate,Moderate,India,"Rohtak in Haryana. city in Haryana Category: Scenic & Cultural. Famous for: Scenic & Cultural tourism, regional heritage, and sightseeing in Haryana. Activities: Sightseeing, Local cuisine, Cultural exploration, Photography. Suitable for: Couples, Families, Solo travelers, Friends. Best season: October to March (Winter)"
Jagdalpur,Jagdalpur,Chhattisgarh,Scenic & Cultural,city,"Sightseeing, Local cuisine, Cultural exploration, Photography","Scenic & Cultural tourism, regional heritage, and sightseeing in Chhattisgarh","Couples, Families, Solo travelers, Friends",October to March (Winter),4.2,1900,3,19.07,82.03,Moderate,Moderate,India,"Jagdalpur in Chhattisgarh. city Category: Scenic & Cultural. Famous for: Scenic & Cultural tourism, regional heritage, and sightseeing in Chhattisgarh. Activities: Sightseeing, Local cuisine, Cultural exploration, Photography. Suitable for: Couples, Families, Solo travelers, Friends. Best season: October to March (Winter)"
Sivaganga,Sivaganga,Tamil Nadu,Scenic & Cultural,"city in Tamil Nadu, India","Sightseeing, Local cuisine, Cultural exploration, Photography","Scenic & Cultural tourism, regional heritage, and sightseeing in Tamil Nadu","Couples, Families, Solo travelers, Friends",October to March (Winter),4.4,1900,3,9.85,78.5,Moderate,Moderate,India,"Sivaganga in Tamil Nadu. city in Tamil Nadu, India Category: Scenic & Cultural. Famous for: Scenic & Cultural tourism, regional heritage, and sightseeing in Tamil Nadu. Activities: Sightseeing, Local cuisine, Cultural exploration, Photography. Suitable for: Couples, Families, Solo travelers, Friends. Best season: October to March (Winter)"
Morena,Morena,Madhya Pradesh,Scenic & Cultural,"metropolis in Mandhya Pradesh, India","Sightseeing, Local cuisine, Cultural exploration, Photography","Scenic & Cultural tourism, regional heritage, and sightseeing in Madhya Pradesh","Couples, Families, Solo travelers, Friends",October to March (Winter),4.7,1900,3,26.5,78.0,Moderate,Moderate,India,"Morena in Madhya Pradesh. metropolis in Mandhya Pradesh, India Category: Scenic & Cultural. Famous for: Scenic & Cultural tourism, regional heritage, and sightseeing in Madhya Pradesh. Activities: Sightseeing, Local cuisine, Cultural exploration, Photography. Suitable for: Couples, Families, Solo travelers, Friends. Best season: October to March (Winter)"
Gondal,Gondal,Gujarat,Scenic & Cultural,city in Gujarat state,"Sightseeing, Local cuisine, Cultural exploration, Photography","Scenic & Cultural tourism, regional heritage, and sightseeing in Gujarat","Couples, Families, Solo travelers, Friends",October to March (Winter),4.3,1900,3,21.97,70.8,Moderate,Moderate,India,"Gondal in Gujarat. city in Gujarat state Category: Scenic & Cultural. Famous for: Scenic & Cultural tourism, regional heritage, and sightseeing in Gujarat. Activities: Sightseeing, Local cuisine, Cultural exploration, Photography. Suitable for: Couples, Families, Solo travelers, Friends. Best season: October to March (Winter)"
